bodega,nr_articulo,articulo,unidad,sd
STOCK ALMACEN  SUMINISTROS,97503113, CALDERO RECORT TAPA 50X60 CM,Unidad,1.0
STOCK ALMACEN  SUMINISTROS,95026919, CAZUELA 16 ONZ,Unidad,10.0
STOCK ALMACEN  SUMINISTROS,95004459, CINTA SELLAMIENTO 48 MM X 50 MTS,Unidad,14.0
STOCK ALMACEN  SUMINISTROS,124791, IBUPROFENO 800MG TNR CJX50 GEF,Unidad,100.0
STOCK ALMACEN  SUMINISTROS,95026263, PLATO BLANCO CUADRADO,Unidad,11600.0
STOCK ALMACEN  SUMINISTROS,95026266, PLATO BLANCO RECTANGULAR,Unidad,10400.0
STOCK ALMACEN  SUMINISTROS,97502964, BALDE PLASTICO 10 LTS,Unidad,11.0
STOCK ALMACEN  SUMINISTROS,97502914, CUCHARA PORCIONADORA DE 6 ONZAS,Unidad,9.0
STOCK ALMACEN  SUMINISTROS,97503241,ABRELATAS MARIPOSA,Unidad,1.0
STOCK ALMACEN  SUMINISTROS,95007905,ACEITE MECHERO CALENTA. SAMOVAR X 3750CC,Unidad,16.0
STOCK ALMACEN  SUMINISTROS,374215,ACETAMINOFEN 150MG/5ML SHJ FCOX90ML LFC,Unidad,10.0
STOCK ALMACEN  SUMINISTROS,2131,ACETAMINOFEN 500 MG TAB CJX 100,Unidad,100.0
STOCK ALMACEN  SUMINISTROS,95001202,ACETATO TAMANO CARTA,Unidad,100.0
STOCK ALMACEN  SUMINISTROS,95027285,AFVT) ANTIMICROBIANO FRUTAS Y VERDURAS,Unidad,8.0
STOCK ALMACEN  SUMINISTROS,95023660,ALCOHOL ANTISEPTICO AL 70% X 500 ML,Unidad,20.0
STOCK ALMACEN  SUMINISTROS,95023788,ALCOHOL GLICERINADO 500ML CON VALVULA,Unidad,10.0
STOCK ALMACEN  SUMINISTROS,80029519,ALEVINOS KG,Kilogram,176.0
STOCK ALMACEN  SUMINISTROS,95001498,ALMOHADILLA PARA SELLO 107X66 MM,Unidad,5.0
STOCK ALMACEN  SUMINISTROS,95004250,AMBIENTADOR AEROSOL X 400 CC,Unidad,5.0
STOCK ALMACEN  SUMINISTROS,95019886,AMBIENTADOR EN PASTA REPUESTO X 30 GR,Unidad,140.0
STOCK ALMACEN  SUMINISTROS,95006025,ARAGAN MEDIANO 51 CMS C/PALO 1.50,Unidad,12.0
STOCK ALMACEN  SUMINISTROS,95001231,ARCHIVADOR FUELLE OFICIO PLAS.13 BOLSILL,Unidad,2.0
STOCK ALMACEN  SUMINISTROS,95004124,ATOMIZADOR PLASTICO ECONOMICO 500CC,Unidad,34.0
STOCK ALMACEN  SUMINISTROS,95004096,BALDE PLASTICO 12 LITROS IMUSA,Unidad,8.0
STOCK ALMACEN  SUMINISTROS,95001212,BANDAS DE CAUCHO REF.18 CJAX32BANDAS,Unidad,9.0
STOCK ALMACEN  SUMINISTROS,95032184,BANDEJA EN EARTH PACT 38 X 28,Unidad,41500.0
STOCK ALMACEN  SUMINISTROS,97502884,BANDEJA PLASTICA 30 HUEVOS AZUL FB,Unidad,50.0
STOCK ALMACEN  SUMINISTROS,95019181,BANDEJA RECTANGULAR,Unidad,9320.0
STOCK ALMACEN  SUMINISTROS,95005527,BANDERA INTERPER POLIESTER ASTA DE 20MT,Unidad,3.0
STOCK ALMACEN  SUMINISTROS,95005526,BANDERA INTERPER POLIESTER ASTA DE 40MT,Unidad,3.0
STOCK ALMACEN  SUMINISTROS,95023864,BARRAIMANTADA TRAMONTINA,Unidad,7.0
STOCK ALMACEN  SUMINISTROS,95024375,BATA ANFILUIDO TALLA M,Unidad,5.0
STOCK ALMACEN  SUMINISTROS,95024374,BATA ANFILUIDO TALLA S,Unidad,1.0
STOCK ALMACEN  SUMINISTROS,95007930,BATA DESECHABLE COCINA,Unidad,87.0
STOCK ALMACEN  SUMINISTROS,95004095,BAYGON EN AEROSOL X 364 CM,Unidad,6.0
STOCK ALMACEN  SUMINISTROS,924931,BETAMETASONA 0.05% CREMA TBOX20G LF,Unidad,3.0
STOCK ALMACEN  SUMINISTROS,95023827,BOLSA BLANCA RESD APROV 40X60 PAQ X 50,Unidad,28.0
STOCK ALMACEN  SUMINISTROS,95023830,BOLSA BLANCA RESD APROV 70X 100,Unidad,75.0
STOCK ALMACEN  SUMINISTROS,95023833,BOLSA BLANCA RESD APROV 90X110 CAL 2,Unidad,3125.0
STOCK ALMACEN  SUMINISTROS,95005752,BOLSA CANASTILLA 24X39 PULG CAL 1 X KILO,Unidad,280.0
STOCK ALMACEN  SUMINISTROS,95023286,BOLSA EMPAQUE AL VACIO*22CM*18CM*70 MIC,Unidad,4800.0
STOCK ALMACEN  SUMINISTROS,95023287,BOLSA EMPAQUE AL VACIO*30CM*20CM*70 MIC,Unidad,5900.0
STOCK ALMACEN  SUMINISTROS,95023288,BOLSA EMPAQUE AL VACIO*42 CM*35CM*70 MIC,Unidad,11500.0
STOCK ALMACEN  SUMINISTROS,95011007,BOLSA EMPAQUE POLLO ASADO CAJA X 1000,Unidad,5.0
STOCK ALMACEN  SUMINISTROS,95026677,BOLSA KRAFT PORTACUBIERTOS,Unidad,50.0
STOCK ALMACEN  SUMINISTROS,95023834,BOLSA NEGRA RESD NO APROV  90X1110 CAL 2,Unidad,2400.0
STOCK ALMACEN  SUMINISTROS,95006553,BOLSA PAN BAGUETTE VENTANA PAQ X 1000,Unidad,2.0
STOCK ALMACEN  SUMINISTROS,95024135,BOLSA PAPEL ANTIGRASO ANTOJOS,Unidad,14000.0
STOCK ALMACEN  SUMINISTROS,95009618,BOLSA PARAFIN.HAMBUR 20X20 CAL 2 PAQX100,Unidad,55.0
STOCK ALMACEN  SUMINISTROS,95027844,BOLSA PRECORTE 100% FRUVER,Unidad,5.0
STOCK ALMACEN  SUMINISTROS,95020302,BOLSA RESELLABLE 18 X 17 CM PAQ X 100,Unidad,186.0
STOCK ALMACEN  SUMINISTROS,95023124,BOLSA ROJA R.QUIMICO,Unidad,18.0
STOCK ALMACEN  SUMINISTROS,95023829,BOLSA VERDE RESD ORG APROV 40X60 PAQ X50,Unidad,70.0
STOCK ALMACEN  SUMINISTROS,95023835,BOLSA VERDE RESD ORG APROV 90X110 CAL 2,Unidad,3775.0
STOCK ALMACEN  SUMINISTROS,95001242,BORRADOR PARA TABLERO FELPA,Unidad,4.0
STOCK ALMACEN  SUMINISTROS,95025023,BOWL 1.300 ML CON TAPA,Unidad,10000.0
STOCK ALMACEN  SUMINISTROS,95025962,BOWLS KRAFT 26 ONZ- PQ*50,Unidad,174.0
STOCK ALMACEN  SUMINISTROS,95013346,CABO PARA ESCOBA METALICO,Unidad,33.0
STOCK ALMACEN  SUMINISTROS,95004458,CABUYA POLIPROPILENO REF.12X1 RLLX750MT,Unidad,1.0
STOCK ALMACEN  SUMINISTROS,810000514,CACEROLA CON MANGO PARA HUEVOS,Unidad,3.0
STOCK ALMACEN  SUMINISTROS,95004378,CAJA CARTON ARCHIV.X-300 BASE-TAPA C620K,Unidad,36.0
STOCK ALMACEN  SUMINISTROS,95024036,CAJA EN CARTULINA SIN IMPRESIÓN,Unidad,1000.0
STOCK ALMACEN  SUMINISTROS,95032374,CAJA MULTIFUNCIONAL BLANCA EN PAPEL ANTI,Unidad,10000.0
STOCK ALMACEN  SUMINISTROS,95019585,CAJA ORGANIZADORA,Unidad,1.0
STOCK ALMACEN  SUMINISTROS,95016497,CAJA ORGANIZADORA 15 LITROS,Unidad,19.0
STOCK ALMACEN  SUMINISTROS,95032371,CAJA PARA ALIMENTOS 45 ONZAS,Unidad,10000.0
STOCK ALMACEN  SUMINISTROS,95032370,CAJA PARA ALIMENTOS 66 ONZAS,Unidad,4400.0
STOCK ALMACEN  SUMINISTROS,95032375,CAJA PARA PAPAS PAQ X100,Unidad,12600.0
STOCK ALMACEN  SUMINISTROS,95032373,CAJA PARA PIZZA CARTÓN 25X25,Unidad,4500.0
STOCK ALMACEN  SUMINISTROS,95032372,CAJA PARA PIZZA CARTÓN 30X30,Unidad,4500.0
STOCK ALMACEN  SUMINISTROS,97502956,CAJA POLICARBO 46X66X30 CM 64.4 LT FB,Unidad,5.0
STOCK ALMACEN  SUMINISTROS,95001097,CAJA PORTA PERROS IMPRESA PAQX250,Unidad,5.0
STOCK ALMACEN  SUMINISTROS,95008204,CALCULADORA MANUAL 12 DIGITOS,Unidad,2.0
STOCK ALMACEN  SUMINISTROS,95008205,CALCULADORA MANUAL 8 DIGITOS,Unidad,6.0
STOCK ALMACEN  SUMINISTROS,97503119,CALDERO ALUMINIO TAPA 44 CM,Unidad,4.0
STOCK ALMACEN  SUMINISTROS,97503109,CALDERO RECOR CON TAPA 40X40CM 50LT  NAC,Unidad,1.0
STOCK ALMACEN  SUMINISTROS,97503111,CALDERO RECORT TAPA 50X40,Unidad,2.0
STOCK ALMACEN  SUMINISTROS,95006100,CANASTILLA FREIDORA,Unidad,12.0
STOCK ALMACEN  SUMINISTROS,95023198,CANDADO 38MM FANAL 1,Unidad,72.0
STOCK ALMACEN  SUMINISTROS,95008246,CANDADO YALE GRANDE 870,Unidad,11.0
STOCK ALMACEN  SUMINISTROS,95008247,CANDADO YALE MEDIANO 850,Unidad,10.0
STOCK ALMACEN  SUMINISTROS,95025669,CANOAS EARTH PACT,Unidad,1300.0
STOCK ALMACEN  SUMINISTROS,95031896,CANOAS EN BAMBU EXTRA GRANDE,Unidad,100.0
STOCK ALMACEN  SUMINISTROS,95031895,CANOAS EN BAMBU GRANDE,Unidad,100.0
STOCK ALMACEN  SUMINISTROS,95031894,CANOAS EN BAMBU MEDIANA,Unidad,100.0
STOCK ALMACEN  SUMINISTROS,95031893,CANOAS EN BAMBU PEQUEÑA,Unidad,100.0
STOCK ALMACEN  SUMINISTROS,95004109,CEPILLO MANO FIBRA DURA 14.7X5.5X7.5 CM,Unidad,13.0
STOCK ALMACEN  SUMINISTROS,97503189,"CHAIRA PARA AFILAR CUCHILLOS 12"" NAC",Unidad,8.0
STOCK ALMACEN  SUMINISTROS,95001491,CHINCHES COLORES SURTIDOS CJ X 50 UNID,Unidad,6.0
STOCK ALMACEN  SUMINISTROS,97503213,CHOCOLATER EN ALUMINIO 5 LT NAC,Unidad,10.0
STOCK ALMACEN  SUMINISTROS,95008636,CHURRUSCO NEGRO GRANDE P/LAVADO BIBERON,Unidad,5.0
STOCK ALMACEN  SUMINISTROS,95001221,CINTA ENMASCARAR USO GENERAL 48MMX40MTS,Unidad,11.0
STOCK ALMACEN  SUMINISTROS,97501513,COLADOR CHINO ACERO MALLA FINA 23CM,Unidad,5.0
STOCK ALMACEN  SUMINISTROS,95008385,COLCHONETA PARA PISCIFLASH,Unidad,22.0
STOCK ALMACEN  SUMINISTROS,95027821,CONTENEDOR  4 OZ CON TAPA,Unidad,2000.0
STOCK ALMACEN  SUMINISTROS,95027680,CONTENEDOR BAGAZO CAÑA 12 OZ PTE*25 UN,Unidad,288.0
STOCK ALMACEN  SUMINISTROS,95025839,COPA DE 2 ONZAS ALMIDON,Unidad,40.0
STOCK ALMACEN  SUMINISTROS,95031173,COPA DESECHABLE 1.5CM,Unidad,440.0
STOCK ALMACEN  SUMINISTROS,,COPA SHOT,Unidad,150.0
STOCK ALMACEN  SUMINISTROS,,COPAS CUADRADA PETIT,Unidad,400.0
STOCK ALMACEN  SUMINISTROS,95001224,COSEDORA ESTANDAR 26/6 REF. 570,Unidad,11.0
STOCK ALMACEN  SUMINISTROS,95004932,CREMA LAVALOZA LIMON REF. 402 X 500 GR,Unidad,22.0
STOCK ALMACEN  SUMINISTROS,,CUCHARA DE POSTRE,Unidad,400.0
STOCK ALMACEN  SUMINISTROS,97502911,CUCHARA PORCIONADORA 4 ONZ VERDE BOG,Unidad,17.0
STOCK ALMACEN  SUMINISTROS,95010133,CUCHARA PORCIONADORA DE 4 ONZ,Unidad,1.0
STOCK ALMACEN  SUMINISTROS,95025957,CUCHARA POSTRE   ALMIDÓN . MAÍZ PTE* 100,Unidad,144.0
STOCK ALMACEN  SUMINISTROS,95030928,CUCHARA TRAMONTINA,Unidad,100.0
STOCK ALMACEN  SUMINISTROS,97503165,"CUCHILLO 10"" MANGO AMARILLO",Unidad,7.0
STOCK ALMACEN  SUMINISTROS,97503171,"CUCHILLO 10"" MANGO ROJO",Unidad,1.0
STOCK ALMACEN  SUMINISTROS,97503167,"CUCHILLO 10"" MANGO VERDE NAC",Unidad,9.0
STOCK ALMACEN  SUMINISTROS,95022478,"CUCHILLO 6"" AZUL",Unidad,2.0
STOCK ALMACEN  SUMINISTROS,97503145,"CUCHILLO 6"" MANGO AZUL NAC",Unidad,1.0
STOCK ALMACEN  SUMINISTROS,97503147,"CUCHILLO 6"" MANGO ROJO NAC",Unidad,3.0
STOCK ALMACEN  SUMINISTROS,97503143,"CUCHILLO 6"""" MANGO VERDE NAC",Unidad,20.0
STOCK ALMACEN  SUMINISTROS,97503153,"CUCHILLO 8"" MANGO AMARILLO",Unidad,13.0
STOCK ALMACEN  SUMINISTROS,97503155,"CUCHILLO 8"" MANGO VERDE NAC",Unidad,6.0
STOCK ALMACEN  SUMINISTROS,95009554,"CUCHILLO DE 12"" CORTE CARNE",Unidad,1.0
STOCK ALMACEN  SUMINISTROS,95027611,"CUCHILLO DE 12"" MANGO ROJO",Unidad,1.0
STOCK ALMACEN  SUMINISTROS,95019614,CUCHILLO DE SIERRA,Unidad,5.0
STOCK ALMACEN  SUMINISTROS,97500488,CUCHILLO FUERTE INCA,Unidad,9.0
STOCK ALMACEN  SUMINISTROS,95018235,CUCHILLO TRAMONTINA DE SIERRA,Unidad,120.0
STOCK ALMACEN  SUMINISTROS,95021392,DESENGRASANTE G PLUS 3780 ML,Unidad,14.0
STOCK ALMACEN  SUMINISTROS,95021396,DESINFECTANTE ALIMENTOS XY-12 3780ML,Unidad,22.0
STOCK ALMACEN  SUMINISTROS,95021390,DESINFECTANTE AMBIENTES WHISPERV 3780ML,Unidad,37.0
STOCK ALMACEN  SUMINISTROS,95021401,DETERG ENZIMATICO PISO WASH&WALK 9450ML,Unidad,14.0
STOCK ALMACEN  SUMINISTROS,95007250,DETERGENTE EN POLVO NEUTRO BOLSA X1000GR,Unidad,22.0
STOCK ALMACEN  SUMINISTROS,95021410,DETERGENTE MULTIUSO PANTASTIC 20 LITROS,Unidad,40.0
STOCK ALMACEN  SUMINISTROS,1400413,DEXAMETASONA 8MG/2ML SHI CJX1AMP V3S,Unidad,50.0
STOCK ALMACEN  SUMINISTROS,161498,DICLOFENACO 1% GEL TBOX50G GE,Unidad,4.0
STOCK ALMACEN  SUMINISTROS,,ELECTROLIT,Unidad,30.0
STOCK ALMACEN  SUMINISTROS,95004114,ESCOBA DURA 37CM MANGO MADERA,Unidad,24.0
STOCK ALMACEN  SUMINISTROS,95004115,ESCOBA FIBRA SUAVE,Unidad,55.0
STOCK ALMACEN  SUMINISTROS,95023057,ESCURRIDOR FRITOS EN ACERO,Unidad,2.0
STOCK ALMACEN  SUMINISTROS,97503010,ESCURRIDOR PLASTICO PARA VERDURAS FB,Unidad,2.0
STOCK ALMACEN  SUMINISTROS,95001245,ESFERO TINTA NEGRA,Unidad,27.0
STOCK ALMACEN  SUMINISTROS,95001247,ESFERO TINTA ROJA1,Unidad,1.0
STOCK ALMACEN  SUMINISTROS,1397364,ESPARADRAPO TELA BEGUT ROLL 1/2X5Y SEV,Unidad,5.0
STOCK ALMACEN  SUMINISTROS,95018368,ESPATULA METALICA MANGO BLANCO,Unidad,11.0
STOCK ALMACEN  SUMINISTROS,97503204,"ESPATULA PARA LIMPIEZA DE LATAS 4"" FB",Unidad,3.0
STOCK ALMACEN  SUMINISTROS,97503208,ESPATULA POSTRE 7X14,Unidad,8.0
STOCK ALMACEN  SUMINISTROS,97503193,ESPATULA SILICONA #10,Unidad,4.0
STOCK ALMACEN  SUMINISTROS,97503195,ESPATULA SILICONA #14,Unidad,4.0
STOCK ALMACEN  SUMINISTROS,97503197,ESPATULA SILICONA #16,Unidad,4.0
STOCK ALMACEN  SUMINISTROS,95009678,ESPONJA HORNOS PARRILLA 3M ROLLO X 5 MT,Unidad,6.0
STOCK ALMACEN  SUMINISTROS,95022595,ESPUMADERA MALLA,Unidad,2.0
STOCK ALMACEN  SUMINISTROS,95031010,ETIQUETA ROTACION AYB,Unidad,46.0
STOCK ALMACEN  SUMINISTROS,95000939,F-281 ARQUEO DE FONDOS RESX500,Unidad,6.0
STOCK ALMACEN  SUMINISTROS,95001089,F-393 VALERA COMIDA-PERSONAL LIBX50,Unidad,53.0
STOCK ALMACEN  SUMINISTROS,810000484,FILTRO CAFETERIA,Unidad,5000.0
STOCK ALMACEN  SUMINISTROS,158545,FIXOMULL STRETCH 15CMX10M CJX1ROLLO BSN,Unidad,3.0
STOCK ALMACEN  SUMINISTROS,95008384,FLOTADOR PARA MEGATOBOGAN,Unidad,20.0
STOCK ALMACEN  SUMINISTROS,95013466,FLOTADOR PISCILAGO 4 PERSONAS,Unidad,30.0
STOCK ALMACEN  SUMINISTROS,95001229,FOLDER CELUGUIA HORIZONTAL OFICIO 180 GR,Unidad,71.0
STOCK ALMACEN  SUMINISTROS,95001230,FOLDER COLGANTE AZUL PLASTIC.VARILLA MET,Unidad,52.0
STOCK ALMACEN  SUMINISTROS,95001182,F-RS-02 C/TROL INGRESO RETIRO ELE LIBX50,Unidad,10.0
STOCK ALMACEN  SUMINISTROS,95026796,FRUTERA PLASTICA + TAPA 16 ONZ PAQ*25,Unidad,21.0
STOCK ALMACEN  SUMINISTROS,95001489,GANCHO CLIP CORRIENTE CJ X 100 UNIDADES,Unidad,7.0
STOCK ALMACEN  SUMINISTROS,95001488,GANCHO CLIP MARIPOSA CJ X 50 UNIDADES,Unidad,5.0
STOCK ALMACEN  SUMINISTROS,95001482,GANCHO COSEDORA 26/6 ESTANDAR X 5000 UN,Unidad,16.0
STOCK ALMACEN  SUMINISTROS,95001507,GANCHO LEGAJADOR METALICO 3 PZ CAJAX20UN,Unidad,12.0
STOCK ALMACEN  SUMINISTROS,95026905,GANCHO ROPA,Unidad,40.0
STOCK ALMACEN  SUMINISTROS,855315,GASA ESTERIL CURE BAND 10X10 CJX24SO,Unidad,30.0
STOCK ALMACEN  SUMINISTROS,95019077,GORRO EN LICRA PARA BAÑO CON LOGO,Unidad,2000.0
STOCK ALMACEN  SUMINISTROS,95010470,GUANTE CAUCHO AFELPADO AMARILLO T.L,Unidad,36.0
STOCK ALMACEN  SUMINISTROS,95009582,GUANTE DE CAUCHO CAL. 35 No 9 PAR,Unidad,43.0
STOCK ALMACEN  SUMINISTROS,95010466,GUANTE DE NITRILO  TALLA M CJ X 50 PARES,Unidad,36.0
STOCK ALMACEN  SUMINISTROS,95010394,GUANTES DE POLIETILENO CJX50 PARES,Unidad,67.0
STOCK ALMACEN  SUMINISTROS,1394890,HIDROXIDOALUMINIO 6G/100ML SSN FCOX360ML,Unidad,2.0
STOCK ALMACEN  SUMINISTROS,95000902,HT.FC.35 ORDENES DE BEBIDA LIBX50,Unidad,25.0
STOCK ALMACEN  SUMINISTROS,95001520,HUELLERO BASE DE ACEITE BORRA FACIL #50,Unidad,1.0
STOCK ALMACEN  SUMINISTROS,95031303,JABON LÍQUIDO EPROCARE 3780ML/1 GALÓN,Unidad,27.0
STOCK ALMACEN  SUMINISTROS,736176,JERINGA CJX100 5CC C/AGUJA 21G/1 1/,Unidad,2.0
STOCK ALMACEN  SUMINISTROS,95001248,LAPIZ MINA NEGRA,Unidad,6.0
STOCK ALMACEN  SUMINISTROS,95001235,LEGAJADOR AZ TAMAÑO OFICIO,Unidad,38.0
STOCK ALMACEN  SUMINISTROS,95001429,LIBRO CONTABILIDAD 400 FOLIOS 3 COLUMNAS,Unidad,7.0
STOCK ALMACEN  SUMINISTROS,95008221,LIJA AGUA No. 120,Unidad,119.0
STOCK ALMACEN  SUMINISTROS,95022243,LIMPIADOR EN CREMA LEMON EZE LITRO,Unidad,1.0
STOCK ALMACEN  SUMINISTROS,95004948,LIMPIAVIDRIOS FRASCO 500 ML,Unidad,11.0
STOCK ALMACEN  SUMINISTROS,95009577,LIMPION PAPEL NATURAL INDUSTR RLLX550MT,Unidad,63.0
STOCK ALMACEN  SUMINISTROS,95006744,LIMPION WYPOL X-70 REUTILIZABLE CJ X 6RLS,Unidad,4.0
STOCK ALMACEN  SUMINISTROS,95020335,LLANTA 245/50 R16,Unidad,82.0
STOCK ALMACEN  SUMINISTROS,95027270,LLANTA DIRECCIONAL 215/75 R17.5 PISCIMOV,Unidad,4.0
STOCK ALMACEN  SUMINISTROS,95027269,LLANTA TRACCION 215/75 R17.5 PISCIMOVIL,Unidad,14.0
STOCK ALMACEN  SUMINISTROS,95004875,LLAVEROS CON LOGOTIPO ACRILICOS,Unidad,31.0
STOCK ALMACEN  SUMINISTROS,1294843,LOPERAMIDA 2MG TAB CJX6TAB GE,Unidad,15.0
STOCK ALMACEN  SUMINISTROS,95019897,MALLA DELGADA A&B PARA EL CABELLO 50MM,Unidad,461.0
STOCK ALMACEN  SUMINISTROS,95001251,MARCADOR BORRABLE COLORES SURTIDOS X 4UN,Unidad,3.0
STOCK ALMACEN  SUMINISTROS,95001259,MARCADOR PERM.PUNTA FINA SURTIDO X 4UN,Unidad,3.0
STOCK ALMACEN  SUMINISTROS,95001252,MARCADOR PERMANENTE NEGRO,Unidad,13.0
STOCK ALMACEN  SUMINISTROS,95019537,MARCADOR POSTERMARKER 20mm NEGRO,Unidad,20.0
STOCK ALMACEN  SUMINISTROS,95019535,MARCADOR POSTERMARKER 20mm ROJO,Unidad,19.0
STOCK ALMACEN  SUMINISTROS,95019562,MARCADOR POSTERMARKER 30mm ROJO,Unidad,20.0
STOCK ALMACEN  SUMINISTROS,356092,MAREOL 50MG CJX12TAB WY,Unidad,10.0
STOCK ALMACEN  SUMINISTROS,95004482,MASCARILLA DESECHABLE CAUCHOS CJX50 UN,Unidad,55.0
STOCK ALMACEN  SUMINISTROS,95019405,MECHA PARA CALENTADOR SAMOVAR PAQX7,Unidad,97.0
STOCK ALMACEN  SUMINISTROS,95004117,MECHA PARA TRAPERO REF.1000 DE 405 GR,Unidad,13.0
STOCK ALMACEN  SUMINISTROS,95023482,MEZCLADOR EN MADERA 11CM PAQ X 1000,Unidad,39.0
STOCK ALMACEN  SUMINISTROS,95032368,MOLDE ALUMINIO LASAÑA 16 ONZAS,Unidad,8000.0
STOCK ALMACEN  SUMINISTROS,1316332,OF-NEXCARE MICRO PIEL 24X5 PG:4LLV:5M 3,Unidad,5.0
STOCK ALMACEN  SUMINISTROS,97503216,OLLA ALUMINIO CON TAPA 2 LT,Unidad,4.0
STOCK ALMACEN  SUMINISTROS,95027101,ORGANIZADOR CONSUMIBLES EST.CAFE,Unidad,3.0
STOCK ALMACEN  SUMINISTROS,95010839,PAILA ALUMINIO NO. 50 ESCURRIDORA,Unidad,1.0
STOCK ALMACEN  SUMINISTROS,97500797,"PALA MARMITA EN ACERO INOXID REF:, 42,4""",Unidad,2.0
STOCK ALMACEN  SUMINISTROS,95009613,PALILLO MADERA PARA HAMBURGUESA PAQX100,Unidad,365.0
STOCK ALMACEN  SUMINISTROS,95023584,PALO DE BAMBU ROJO,Unidad,4.0
STOCK ALMACEN  SUMINISTROS,6872,PANOTIL B 8000UI-40MG SOL OT  FCOX8ML,Unidad,2.0
STOCK ALMACEN  SUMINISTROS,95004221,PAPEL ALUMINIO ROLLO 12 X  300 FT,Unidad,13.0
STOCK ALMACEN  SUMINISTROS,95001302,PAPEL CARBON NEGRO TAMAÑO CARTA,Unidad,1.0
STOCK ALMACEN  SUMINISTROS,95001306,PAPEL FOTOCOPIA TAMAÑO CARTA 75 GR,Unidad,34.0
STOCK ALMACEN  SUMINISTROS,95001307,PAPEL FOTOCOPIA TAMAÑO OFICIO 75 GR,Unidad,7.0
STOCK ALMACEN  SUMINISTROS,95023350,PASTILLA LIMPIADOR HORNO AZUL BALDE X150,Unidad,1950.0
STOCK ALMACEN  SUMINISTROS,95023349,PASTILLA LIMPIADOR HORNO ROJA BALDE X100,Unidad,1600.0
STOCK ALMACEN  SUMINISTROS,95024760,PASTILLA LIMPIADOR HORNO VERDE BALDEX150,Unidad,-295.0
STOCK ALMACEN  SUMINISTROS,95001205,PEGA PAPEL EN BARRA X 40 GR,Unidad,3.0
STOCK ALMACEN  SUMINISTROS,95001238,PERFORADORA ESTANDAR 2 HUECOS 23 HOJAS,Unidad,11.0
STOCK ALMACEN  SUMINISTROS,95009591,PEROL PROFESIONAL 24 CM ANODIZADO,Unidad,1.0
STOCK ALMACEN  SUMINISTROS,95008214,PILA ALCALINA TRIPLE AAA,Unidad,24.0
STOCK ALMACEN  SUMINISTROS,33181,PILAS DOBLE AA,Unidad,22.0
STOCK ALMACEN  SUMINISTROS,95025042,PINZAS MANGO NEGRO,Unidad,17.0
STOCK ALMACEN  SUMINISTROS,95006710,PITILLO DE PAPEL CAJA,Unidad,609.0
STOCK ALMACEN  SUMINISTROS,1321655,PLASIL METOCLOPRAMIDA 10MG CJX30 TAB BSS,Unidad,1.0
STOCK ALMACEN  SUMINISTROS,95027684,PLATO 15CM  PULPA CAÑA PTE*20 UN,Unidad,1344.0
STOCK ALMACEN  SUMINISTROS,95027374,PLATO 3 DIVISIONES BAGAZO DE CAÑA PAQX20,Unidad,525.0
STOCK ALMACEN  SUMINISTROS,,PLATO CUADRADO,Unidad,400.0
STOCK ALMACEN  SUMINISTROS,95024943,PLATO CUADRADO PULPA 26 CM 250X50,Unidad,2000.0
STOCK ALMACEN  SUMINISTROS,95026918,PLATO HONDO 12 ONZ TAMIXPAQX100,Unidad,3.0
STOCK ALMACEN  SUMINISTROS,95026025,PLATO OVALADO 12x10,Unidad,2500.0
STOCK ALMACEN  SUMINISTROS,95025974,PORTACOMIDA J1 PULPA DE PAPEL PTE*50,Unidad,10.0
STOCK ALMACEN  SUMINISTROS,95031961,PORTACREPES,Unidad,3000.0
STOCK ALMACEN  SUMINISTROS,95004118,"PORTATRAPERO METALICO 2 MARIP1,50CM",Unidad,18.0
STOCK ALMACEN  SUMINISTROS,95019598,RALLADOR EN ACERO INXIDABLE,Unidad,6.0
STOCK ALMACEN  SUMINISTROS,97502946,RECIPIENTE ACERO INOXIDABLE,Unidad,13.0
STOCK ALMACEN  SUMINISTROS,95004100,RECOGEDOR BASURA PLASTICO,Unidad,11.0
STOCK ALMACEN  SUMINISTROS,95001262,REGLA PLASTICA 30 CM,Unidad,5.0
STOCK ALMACEN  SUMINISTROS,95001264,RESALTADOR AMARILLO,Unidad,8.0
STOCK ALMACEN  SUMINISTROS,4721088,RIFAMICINA 1% SPRAY FCO20ML,Unidad,1.0
STOCK ALMACEN  SUMINISTROS,95022468,"RODILLO EN ACRILICO DE 3"" * 40 CM",Unidad,2.0
STOCK ALMACEN  SUMINISTROS,95004389,ROLLO PREC POLIET FRUVER,Unidad,1.0
STOCK ALMACEN  SUMINISTROS,95004428,ROLLO VINILPEL EMP.FRUVER 300MMX1500MT,Unidad,4.0
STOCK ALMACEN  SUMINISTROS,1337340,SABANA AJUSTABLE AZUL ALFASAFE E.I AL,Unidad,15.0
STOCK ALMACEN  SUMINISTROS,95001241,SACAGANCHOS ESTÁNDAR 24 26/6 23/8,Unidad,4.0
STOCK ALMACEN  SUMINISTROS,95018491,SARTEN PROFESIONAL ANTIADHERENTE30CM,Unidad,7.0
STOCK ALMACEN  SUMINISTROS,97502984,SARTEN TEFLON 30 CM,Unidad,4.0
STOCK ALMACEN  SUMINISTROS,95004478,SELLO DE SEGURIDAD VEHICULOS,Unidad,500.0
STOCK ALMACEN  SUMINISTROS,95001492,SELLO FECHADOR 2 DIGITOS + MES + AÑO,Unidad,5.0
STOCK ALMACEN  SUMINISTROS,95005611,SEPARADOR PP TAMAÑO CARTA 105 PAQX5,Unidad,20.0
STOCK ALMACEN  SUMINISTROS,95008841,SERVILLETA DE LUJO CJX6PAQ 200 SERVILLE1,Unidad,2.0
STOCK ALMACEN  SUMINISTROS,95031800,SERVILLETAS BIODEGRADABLES,Unidad,21.0
STOCK ALMACEN  SUMINISTROS,95025960,SET CUCHARA SERVIL  A.MAIZ  PAQ*100,Unidad,198.0
STOCK ALMACEN  SUMINISTROS,95032000,SET CUCHARA SERVILLETA PAQX100,Unidad,15000.0
STOCK ALMACEN  SUMINISTROS,,SET TENED CUCHI SERVIL PP BIOD PQT X 100,Unidad,4000.0
STOCK ALMACEN  SUMINISTROS,95025959,SET TENEDOR CUCHILLO SERVI A.MAÍZ P*100,Unidad,201.0
STOCK ALMACEN  SUMINISTROS,95013617,"SISTEMA GUARDIAN COMPLETO 1,5 LTS",Unidad,6.0
STOCK ALMACEN  SUMINISTROS,95001386,"SOBRE MANILA CARTA IMPR 1 TINTA 22,5X29",Unidad,100.0
STOCK ALMACEN  SUMINISTROS,95001385,SOBRE MANILA OFICIO IMPR 1 TINTA 25X35,Unidad,96.0
STOCK ALMACEN  SUMINISTROS,95009954,SOBRE SEGURID PLAST. 15.5X22 CMS PAQX50,Unidad,80.0
STOCK ALMACEN  SUMINISTROS,1340586,SOLHIDREX CEREZA 20.7G PPS CJX30SOB LBN,Unidad,90.0
STOCK ALMACEN  SUMINISTROS,414574,SYSTANE GOT LUBR OFT FCOX15ML AL,Unidad,2.0
STOCK ALMACEN  SUMINISTROS,95018610,TABLA ACRILICA P/PICAR AMARILLA 50X38CM,Unidad,1.0
STOCK ALMACEN  SUMINISTROS,95022461,TABLA ACRILICA P/PICAR AZUL 50X38CM,Unidad,1.0
STOCK ALMACEN  SUMINISTROS,97500779,TABLA ACRILICA P/PICAR BLANCO 50X38CM,Unidad,1.0
STOCK ALMACEN  SUMINISTROS,95018720,TABLA ACRILICA P/PICAR ROJA 50X38CM,Unidad,2.0
STOCK ALMACEN  SUMINISTROS,97503006,TABLA ACRILICA P/PICAR ROJO 50X38CM FB,Unidad,10.0
STOCK ALMACEN  SUMINISTROS,97503002,TABLA ACRILICA PICAR 30X45 AZUL,Unidad,3.0
STOCK ALMACEN  SUMINISTROS,97503004,TABLA ACRILICA PICAR BLANCO 50X38CM FB,Unidad,5.0
STOCK ALMACEN  SUMINISTROS,97503008,TABLA ACRILICA PICAR VERDE  50X38CM FB,Unidad,4.0
STOCK ALMACEN  SUMINISTROS,97503000,TABLA PICAR AMRILLA,Unidad,10.0
STOCK ALMACEN  SUMINISTROS,95001504,TABLA PLANILLERA PLÁSTICA TAMAÑO OFICIO,Unidad,11.0
STOCK ALMACEN  SUMINISTROS,95026920,TAPA CAZUELA 16 ONZ,Unidad,10.0
STOCK ALMACEN  SUMINISTROS,95027681,TAPA CONTENEDOR B CAÑA 12 OZ  PTE* 25 UN,Unidad,288.0
STOCK ALMACEN  SUMINISTROS,95024803,TAPA EMPAQUE ENSALADA und,Unidad,100.0
STOCK ALMACEN  SUMINISTROS,95024800,TAPA EMPAQUE GELATINA UND,Unidad,500.0
STOCK ALMACEN  SUMINISTROS,95032369,TAPA MOLDE ALUMINIO LASAÑA 16 ONZAS,Unidad,8000.0
STOCK ALMACEN  SUMINISTROS,95025963,TAPA PET BOWLS  KRAF 26 ONZ  PT*50,Unidad,174.0
STOCK ALMACEN  SUMINISTROS,95025075,TAPA VASO,Unidad,2012.0
STOCK ALMACEN  SUMINISTROS,95007903,TARRO MECHERO CALENTADOR SAMOVAR,Unidad,102.0
STOCK ALMACEN  SUMINISTROS,95005691,TIJERA INCOLMA METALICA MANGO PLASTIC 7,Unidad,8.0
STOCK ALMACEN  SUMINISTROS,95019581,TINA REDONDA,Unidad,8.0
STOCK ALMACEN  SUMINISTROS,95001266,TINTA SELLO DE CAUCHO NEGRA FCO X 30 CC,Unidad,7.0
STOCK ALMACEN  SUMINISTROS,95031071,TOALLA COCINA,Unidad,57.0
STOCK ALMACEN  SUMINISTROS,95004253,TOALLA EN Z NATURAL 24 PAQX150TOALLAS,Unidad,1.0
STOCK ALMACEN  SUMINISTROS,95021157,TOALLA MANOS ROLLO CJX6 NATUR X 120 MT,Unidad,40.0
STOCK ALMACEN  SUMINISTROS,95021830,TONER KIOCERA FS 2040 DN REF.  TK 1175,Unidad,7.0
STOCK ALMACEN  SUMINISTROS,95010413,TONER KYOCERA FS 2020 TK 342,Unidad,1.0
STOCK ALMACEN  SUMINISTROS,95008474,TONER KYOCERA TK 3102 FS 2100 N,Unidad,1.0
STOCK ALMACEN  SUMINISTROS,95030935,TONER KYOCERA TK 5382C,Unidad,1.0
STOCK ALMACEN  SUMINISTROS,95030941,TONER KYOCERA TK 5382K,Unidad,1.0
STOCK ALMACEN  SUMINISTROS,95030940,TONER KYOCERA TK 5382M,Unidad,1.0
STOCK ALMACEN  SUMINISTROS,95030939,TONER KYOCERA TK 5382Y,Unidad,1.0
STOCK ALMACEN  SUMINISTROS,95022644,VASO 12 ONZAS,Unidad,12.0
STOCK ALMACEN  SUMINISTROS,95025948,VASO 12OZ POLIBOARD PAQ*50 UN,Unidad,544.0
STOCK ALMACEN  SUMINISTROS,95027695,VASO 4 OZ BAGAZO DE CAÑA PAQ*50 UN,Unidad,60.0
STOCK ALMACEN  SUMINISTROS,95025945,VASO 7 OZ POLIBOARD PAQ*50 UN,Unidad,712.0
STOCK ALMACEN  SUMINISTROS,95020134,VASO  14 ONZAS EN ACRILICO CON TAPA DOMO,Unidad,160.0
STOCK ALMACEN  SUMINISTROS,1476157,VENDA ELASTICA C/PIEL 4X5YAR VEELAU004,Unidad,50.0
STOCK ALMACEN  SUMINISTROS,97502989,WOK ANODIZADO 32 CM BOG,Unidad,1.0
STOCK ALMACEN  SUMINISTROS,,,,
STOCK ALMACEN  SUMINISTROS,TOTAL  ARTICULO 297,,,
STOCK ALMACEN AYB ,7290,ACEITE,Liter,333.0
STOCK ALMACEN AYB ,7292,ACEITE DE AJONJOLI,Liter,7.848
STOCK ALMACEN AYB ,7293,ACEITE DE OLIVA,Liter,33.0
STOCK ALMACEN AYB ,1483116,ACEITE DE OLIVA 10ML /BOLSA SOBRE X50 UN,Unidad,42.0
STOCK ALMACEN AYB ,7003,ACHIOTE MOLIDO,Kilogram,14.0
STOCK ALMACEN AYB ,,ADEREZO QUESO CHEDDAR,Liter,41.0
STOCK ALMACEN AYB ,,AGUA 280 ML,Unidad,168.0
STOCK ALMACEN AYB ,29018,AGUA BOTELLA,Unidad,3672.0
STOCK ALMACEN AYB ,29033,AGUA SABORIZADA  H2O,Unidad,2235.0
STOCK ALMACEN AYB ,,AGUA WAIRA SABORIZADA,Unidad,2844.0
STOCK ALMACEN AYB ,,AGUARDIENTE AMARILLO PIONERO,Liter,10.5
STOCK ALMACEN AYB ,1241542,AGUARDIENTE ANTIOQUEÑO  SIN AZUCAR,Liter,8.25
STOCK ALMACEN AYB ,,AGUARDIENTE ANTIOQUEÑO ROJO,Liter,3.75
STOCK ALMACEN AYB ,,AGUARDIENTE NECTAR CLUB,Liter,10.125
STOCK ALMACEN AYB ,5009,AJO,Kilogram,-5.0
STOCK ALMACEN AYB ,,AJO GRANULADO,Kilogram,1.06
STOCK ALMACEN AYB ,6001,AJONJOLI,Kilogram,-2.5
STOCK ALMACEN AYB ,3001,ALAS DE POLLO,Kilogram,98.8
STOCK ALMACEN AYB ,,ALAS DE POLLO ADOBADA BBQ,Kilogram,20.0
STOCK ALMACEN AYB ,5010,ALBACON,Kilogram,24.0
STOCK ALMACEN AYB ,7008,ALCAPARRAS FRASCO,Kilogram,7.6
STOCK ALMACEN AYB ,6003,ALMENDRAS,Kilogram,2.5
STOCK ALMACEN AYB ,,APANADO,Kilogram,12.0
STOCK ALMACEN AYB ,5015,APIO,Kilogram,60.0
STOCK ALMACEN AYB ,,ARANDANOS,Kilogram,13.0
STOCK ALMACEN AYB ,7337,AREPA DE HUEVO,Unidad,300.0
STOCK ALMACEN AYB ,8095,AREPA DE QUESO,Unidad,350.0
STOCK ALMACEN AYB ,8097,AREPA PAISA,Unidad,4950.0
STOCK ALMACEN AYB ,7340,AROMATICA SOBRES,Unidad,280.0
STOCK ALMACEN AYB ,6005,ARROZ,Kilogram,-720.0
STOCK ALMACEN AYB ,6007,ARROZ BASMATI,Kilogram,2.0
STOCK ALMACEN AYB ,,ARROZ FEDERAL,Kilogram,1175.0
STOCK ALMACEN AYB ,6012,ARVEJA AMARILLA,Kilogram,12.5
STOCK ALMACEN AYB ,,ARVEJA CONGELADA MCAIN,Kilogram,109.0
STOCK ALMACEN AYB ,6013,ARVEJA VERDE SECA,Kilogram,12.5
STOCK ALMACEN AYB ,7020,AVENA EN HOJUELAS,Kilogram,6.0
STOCK ALMACEN AYB ,8101,AVENA VASO,Unidad,210.0
STOCK ALMACEN AYB ,7022,AZUCAR BLANCA,Kilogram,672.5
STOCK ALMACEN AYB ,7342,AZUCAR SOBRES,Unidad,7400.0
STOCK ALMACEN AYB ,,BATIDO PARA APANAR,Kilogram,30.0
STOCK ALMACEN AYB ,7231,BECHAMEL EN POLVO,Kilogram,8.0
STOCK ALMACEN AYB ,8107,BONYURT,Unidad,39.0
STOCK ALMACEN AYB ,27003,BRANDY BOTELLA,Liter,0.75
STOCK ALMACEN AYB ,,BRETAÑA 300 CC,Unidad,194.0
STOCK ALMACEN AYB ,,BUBOLS SABORES SURTIDOS,Kilogram,25.3
STOCK ALMACEN AYB ,2007,CADERA DE RES,Kilogram,137.0332
STOCK ALMACEN AYB ,7034,CAFE EN PEPA,Kilogram,12.0
STOCK ALMACEN AYB ,7035,CAFE GOURMET,Kilogram,9.0
STOCK ALMACEN AYB ,1474050,CAFE INSTANTANEO COLCAFE 500 GR,Kilogram,5.5
STOCK ALMACEN AYB ,,CAFE MOLIDO,Kilogram,31.5
STOCK ALMACEN AYB ,,CAMARON CRUDO,Kilogram,36.0
STOCK ALMACEN AYB ,7040,CANELA EN ASTILLA,Kilogram,1.0
STOCK ALMACEN AYB ,7041,CANELA EN POLVO,Kilogram,1.02
STOCK ALMACEN AYB ,,CARNE DE HAMBURGUESA MIXTA,Unidad,2630.0
STOCK ALMACEN AYB ,,CARNE DE HAMBURGUESA MOLIDA,Unidad,7938.0
STOCK ALMACEN AYB ,6015,CEBADA PERLADA,Kilogram,7.0
STOCK ALMACEN AYB ,5032,CEBOLLA CABEZONA BLANCA,Kilogram,170.0
STOCK ALMACEN AYB ,5033,CEBOLLA CABEZONA ROJA,Kilogram,60.0
STOCK ALMACEN AYB ,,CEBOLLA EN POLVO,Kilogram,27.0
STOCK ALMACEN AYB ,5034,CEBOLLA JUNCA,Kilogram,210.0
STOCK ALMACEN AYB ,5036,CEBOLLA PUERRO,Kilogram,127.0
STOCK ALMACEN AYB ,5038,CEBOLLIN,Kilogram,4.5
STOCK ALMACEN AYB ,7047,CEREZA MARRASQUINO,Kilogram,0.5
STOCK ALMACEN AYB ,,CERVEZA HEINEKEN 0 LATA 250ML,Unidad,276.0
STOCK ALMACEN AYB ,,CERVEZA HEINEKEN CERO,Unidad,-48.0
STOCK ALMACEN AYB ,7049,CHAMPIÑON NATURAL,Kilogram,13.0
STOCK ALMACEN AYB ,7051,CHOCOLATE  CON AZUCAR,Kilogram,44.5
STOCK ALMACEN AYB ,7388,CHOCORRAMO,Unidad,100.0
STOCK ALMACEN AYB ,4003,CHORIZO,Kilogram,465.75
STOCK ALMACEN AYB ,5045,CILANTRO,Kilogram,30.0
STOCK ALMACEN AYB ,,COCA COLA 400 CC,Unidad,2112.0
STOCK ALMACEN AYB ,28021,COLA Y POLA,Unidad,-7434.0
STOCK ALMACEN AYB ,7064,COLOR,Kilogram,19.0
STOCK ALMACEN AYB ,7065,COMINO,Kilogram,25.0
STOCK ALMACEN AYB ,7395,COMPOTA,Unidad,792.0
STOCK ALMACEN AYB ,,CONCENTRADO FRUTA ARAZA -MARACUYA 2 KG,Kilogram,470.0
STOCK ALMACEN AYB ,2025,COSTILLA DE CERDO,Kilogram,101.0
STOCK ALMACEN AYB ,2027,COSTILLA DE RES,Kilogram,66.14
STOCK ALMACEN AYB ,8079,CREMA DE LECHE,Liter,19.0
STOCK ALMACEN AYB ,1475599,CROOKIES 90 GR PAQ X 4 UND,Unidad,100.0
STOCK ALMACEN AYB ,4008,CROQUETA DE YUCA,Kilogram,92.0
STOCK ALMACEN AYB ,1475598,CROSSANT JAMO Y QUES 100 GR PAQ X 4 UND,Unidad,400.0
STOCK ALMACEN AYB ,6020,CUCHUCO DE MAIZ,Kilogram,6.5
STOCK ALMACEN AYB ,6021,CUCHUCO DE TRIGO,Kilogram,10.0
STOCK ALMACEN AYB ,8125,CUCURUCHO PARA CONO DE HELADO,Unidad,6500.0
STOCK ALMACEN AYB ,,CURCUMA POLVO,Kilogram,1.0
STOCK ALMACEN AYB ,,CURRY EN POLVO BADIA,Kilogram,0.90759
STOCK ALMACEN AYB ,7238,DEMIGLACE,Kilogram,49.6
STOCK ALMACEN AYB ,,DON CHICHARRON PAQUETE,Unidad,100.0
STOCK ALMACEN AYB ,,DONAS SURTIDAS,Unidad,600.0
STOCK ALMACEN AYB ,7087,DURAZNOS EN MITADES,Kilogram,0.82
STOCK ALMACEN AYB ,7413,EMPANADA DE PAPA Y CARNE X50 GR,Unidad,1720.0
STOCK ALMACEN AYB ,1473018,EMPANADA POLLO X50 GR,Unidad,-420.0
STOCK ALMACEN AYB ,7415,ENDULZANTE STEVIA,Unidad,50.0
STOCK ALMACEN AYB ,7304,ESCENCIA SABORES SURTIDOS,Liter,2.5
STOCK ALMACEN AYB ,7098,FECULA DE MAIZ,Kilogram,2.28
STOCK ALMACEN AYB ,1020,FILETE DE BASA,Kilogram,20.0
STOCK ALMACEN AYB ,3007,FILETE DE POLLO,Kilogram,497.458
STOCK ALMACEN AYB ,1031,FILETE DE TILAPIA,Kilogram,20.0
STOCK ALMACEN AYB ,1475596,FLAT ORIGIN 6.75 X 6.75  120 UND,Unidad,360.0
STOCK ALMACEN AYB ,,FLAUTA CHOCOLATE PASTRY,Unidad,3000.0
STOCK ALMACEN AYB ,7420,FRESCO FRUTIÑO,Unidad,310.0
STOCK ALMACEN AYB ,6023,FRIJOL  ROJO/SABANERO,Kilogram,100.5
STOCK ALMACEN AYB ,,FRIJOL CARAOTA,Kilogram,15.0
STOCK ALMACEN AYB ,,GALLETA OREO TRITURADA,Kilogram,8.0
STOCK ALMACEN AYB ,6028,GARBANZO,Kilogram,5.0
STOCK ALMACEN AYB ,29034,GASEOSA KOLA SOL 330 ML,Unidad,-9120.0
STOCK ALMACEN AYB ,29035,GASEOSA KOLA SOL 600 ML,Unidad,-2835.0
STOCK ALMACEN AYB ,,GASEOSA POSTOBON 400 ML,Unidad,420.0
STOCK ALMACEN AYB ,,GASEOSA QUATRO 400 ML,Unidad,120.0
STOCK ALMACEN AYB ,29040,GASEOSA SPRITE X 400,Unidad,156.0
STOCK ALMACEN AYB ,29042,GATORADE,Unidad,1368.0
STOCK ALMACEN AYB ,7106,GELATINA SIN SABOR,Kilogram,6.5
STOCK ALMACEN AYB ,1482289,GLUTAMATO MONOSODICO,Kilogram,5.5
STOCK ALMACEN AYB ,7109,GRAGEAS SURTIDAS,Kilogram,16.75
STOCK ALMACEN AYB ,,GRANOLA,Kilogram,6.6
STOCK ALMACEN AYB ,5073,GULUPA,Kilogram,5.0
STOCK ALMACEN AYB ,7112,HARINA DE SEMOLA,Kilogram,25.0
STOCK ALMACEN AYB ,7113,HARINA DE TRIGO,Kilogram,462.5
STOCK ALMACEN AYB ,7114,HARINA PAN DE BONO,Kilogram,5.0
STOCK ALMACEN AYB ,6030,HARINA PARA AREPAS,Kilogram,9.0
STOCK ALMACEN AYB ,,HASHBROWN,Kilogram,54.48
STOCK ALMACEN AYB ,8135,HELADO CASERO SABORES SURTIDOS,Unidad,8020.0
STOCK ALMACEN AYB ,7117,HIELO EN CUBO,Kilogram,180.0
STOCK ALMACEN AYB ,5077,HIERBAS HIERBABUENA,Kilogram,4.0
STOCK ALMACEN AYB ,3009,HIGADO DE POLLO,Kilogram,5.0
STOCK ALMACEN AYB ,2034,HIGADO DE RES,Kilogram,5.0
STOCK ALMACEN AYB ,8318,HUEVOS DE GALLINA,Unidad,3540.0
STOCK ALMACEN AYB ,7489,INSTACREM SOBRE,Unidad,200.0
STOCK ALMACEN AYB ,4020,JAMON SANDWICH,Kilogram,40.5
STOCK ALMACEN AYB ,,JUGO DE LIMON COMPRADO,Liter,68.0
STOCK ALMACEN AYB ,29047,JUGO HIT BOTELLA,Unidad,864.0
STOCK ALMACEN AYB ,29048,JUGO HIT CAJA,Unidad,1656.0
STOCK ALMACEN AYB ,7313,LECHE DE COCO,Liter,10.4
STOCK ALMACEN AYB ,8083,LECHE DESLACTOSADA,Liter,258.0
STOCK ALMACEN AYB ,8084,LECHE ENT LARGA VIDA,Liter,216.0
STOCK ALMACEN AYB ,5088,LECHUGA CRESPA,Kilogram,89.0
STOCK ALMACEN AYB ,5093,LECHUGA ROMANA,Kilogram,5.0
STOCK ALMACEN AYB ,,LECHUGA RUGULA ORGANICA,Kilogram,5.0
STOCK ALMACEN AYB ,6031,LENTEJA,Kilogram,22.0
STOCK ALMACEN AYB ,7128,LEVADURA,Kilogram,20.0
STOCK ALMACEN AYB ,5095,LIMON TAHITY,Kilogram,20.0
STOCK ALMACEN AYB ,2039,LOMITO DE RES,Kilogram,6.36
STOCK ALMACEN AYB ,5097,MAIZ DESGRANADO MAC CAIN,Kilogram,155.0
STOCK ALMACEN AYB ,5105,MANZANA ROYAL,Kilogram,10.0
STOCK ALMACEN AYB ,5106,MARACUYA,Kilogram,5.0
STOCK ALMACEN AYB ,7136,MARGARINA,Kilogram,55.5
STOCK ALMACEN AYB ,7139,MAYONESA,Kilogram,15.08
STOCK ALMACEN AYB ,7508,MAYONESA SOBRES,Unidad,3672.0
STOCK ALMACEN AYB ,,MAZORCA ENTERA DULCE,Kilogram,108.0
STOCK ALMACEN AYB ,8011,MEJORADOR SURATIV,Kilogram,1.0
STOCK ALMACEN AYB ,5110,MELON,Kilogram,24.0
STOCK ALMACEN AYB ,,MEZCLA EN POLVO DE HELADO,Kilogram,159.0
STOCK ALMACEN AYB ,7314,MIEL,Liter,8.0
STOCK ALMACEN AYB ,7510,MIEL DE ABEJAS SOBRE,Unidad,2520.0
STOCK ALMACEN AYB ,,MINICROQUETA DE YUCA,Kilogram,120.0
STOCK ALMACEN AYB ,1040,MOJARRA,Kilogram,103.42
STOCK ALMACEN AYB ,4025,MORCILLA,Kilogram,5.0
STOCK ALMACEN AYB ,,MORENITAS,Kilogram,4.8
STOCK ALMACEN AYB ,29054,MR TEA  500,Unidad,1872.0
STOCK ALMACEN AYB ,7152,NACHOS NATURALES X500GR,Kilogram,19.0
STOCK ALMACEN AYB ,5113,NARANJA  VALENCIA,Kilogram,20.0
STOCK ALMACEN AYB ,7516,NATUCHIPS,Unidad,120.0
STOCK ALMACEN AYB ,7154,NESCAFE,Kilogram,18.0
STOCK ALMACEN AYB ,,NESCAFE CAPUCCINO,Kilogram,18.0
STOCK ALMACEN AYB ,5115,NUEZ MOSCADA,Kilogram,2.0
STOCK ALMACEN AYB ,7162,OREGANO POLVO,Kilogram,3.242
STOCK ALMACEN AYB ,8177,PAN BAGUETT,Unidad,420.0
STOCK ALMACEN AYB ,7165,PANELA,Kilogram,30.6
STOCK ALMACEN AYB ,7167,PAPA A LA FRANCESA,Kilogram,1350.0
STOCK ALMACEN AYB ,,PAPA CABELLO DE ANGEL,Kilogram,25.0
STOCK ALMACEN AYB ,7168,PAPA CRIOLLA PRECOCIDA,Kilogram,100.0
STOCK ALMACEN AYB ,7169,PAPA EN CASQUITOS,Kilogram,470.0
STOCK ALMACEN AYB ,5122,PAPA SABANERA,Kilogram,624.0
STOCK ALMACEN AYB ,5124,PAPAYA,Kilogram,93.0
STOCK ALMACEN AYB ,7171,PAPRIKA,Kilogram,11.694
STOCK ALMACEN AYB ,1482915,PASABOCAS RAMO ACHIRAS 25 GR 12 UND,Unidad,10.0
STOCK ALMACEN AYB ,7174,PASTA CONCHA,Kilogram,15.5
STOCK ALMACEN AYB ,7177,PASTA DE TOMATE,Kilogram,12.6
STOCK ALMACEN AYB ,7179,PASTA EN TORNILLOS,Kilogram,6.0
STOCK ALMACEN AYB ,7181,PASTA FIDEOS,Kilogram,11.0
STOCK ALMACEN AYB ,,PASTEL CARNE RANCHERO,Unidad,4750.0
STOCK ALMACEN AYB ,,PASTEL DE MANZANA PASTRY,Unidad,60.0
STOCK ALMACEN AYB ,,PASTEL ESPINACA Y RICOTTA,Unidad,80.0
STOCK ALMACEN AYB ,,PASTEL POLLO CARBONA,Unidad,6220.0
STOCK ALMACEN AYB ,,PATACONES,Kilogram,20.0
STOCK ALMACEN AYB ,5126,PATILLA,Kilogram,101.0
STOCK ALMACEN AYB ,2048,PECHO DE RES,Kilogram,194.3
STOCK ALMACEN AYB ,7192,PEPINILLOS EN VINAGRE,Kilogram,7.5
STOCK ALMACEN AYB ,5127,PEPINO COHOMBRO,Kilogram,2.0
STOCK ALMACEN AYB ,3021,PIERNA PERNIL DE POLLO,Kilogram,1110.4
STOCK ALMACEN AYB ,,PIERNITA DE POLLO,Kilogram,59.8
STOCK ALMACEN AYB ,5008,PIMENTON,Kilogram,60.0
STOCK ALMACEN AYB ,7199,PIMIENTA NEGRA,Kilogram,3.0
STOCK ALMACEN AYB ,5132,PIÑA,Kilogram,142.0
STOCK ALMACEN AYB ,7203,PIÑA CUADROS,Kilogram,30.0
STOCK ALMACEN AYB ,5134,PLATANO ARTON,Kilogram,280.0
STOCK ALMACEN AYB ,3022,POLLO ENTERO,Kilogram,1596.2
STOCK ALMACEN AYB ,7206,POLVO PARA HORNEAR,Kilogram,1.0
STOCK ALMACEN AYB ,1482918,PONQUE GANSITO RAMO TRADIC 37 GR 6 UND,Unidad,20.0
STOCK ALMACEN AYB ,,PORCION CADERA X 180 GR (PA),Unidad,172.0
STOCK ALMACEN AYB ,,PORCION DE CADERA X 100 GRS (PA),Portion,410.0
STOCK ALMACEN AYB ,,PORCION DE CADERA X 130 GRS (PA),Portion,343.0
STOCK ALMACEN AYB ,,PORCION DE MOJARRA X 300 GRS (PA),Unidad,-120.0
STOCK ALMACEN AYB ,,PORCION DE PUNTA DE ANCA X 250  GRS (PA),Unidad,88.0
STOCK ALMACEN AYB ,,PORCION FILETE PECHUGA X 150 GRS (PA),Portion,200.0
STOCK ALMACEN AYB ,,PORCION FILETE PECHUGA X 230 GRS (PA),Portion,835.0
STOCK ALMACEN AYB ,,PORCION PULPA DE CERDO X 100 GRS (PA),Unidad,4099.0
STOCK ALMACEN AYB ,,PREMEZCLA BROWINE,Kilogram,20.0
STOCK ALMACEN AYB ,6042,PREMEZCLA KOMPLET BASE,Kilogram,4.52
STOCK ALMACEN AYB ,2053,PULPA DE CERDO,Kilogram,553.819
STOCK ALMACEN AYB ,5138,PULPA DE FRUTA CONGELADA,Kilogram,175.0
STOCK ALMACEN AYB ,2055,PUNTA DE ANCA,Kilogram,48.167
STOCK ALMACEN AYB ,,QUESO AMERICAN SINGL KRAFT,Kilogram,8.16
STOCK ALMACEN AYB ,8042,QUESO CREMA,Kilogram,9.2
STOCK ALMACEN AYB ,8057,QUESO MOZARELLA,Kilogram,148.0
STOCK ALMACEN AYB ,8061,QUESO PARMESANO RALLADO,Kilogram,4.0
STOCK ALMACEN AYB ,5140,RAIZ CHINA,Kilogram,85.0
STOCK ALMACEN AYB ,,RECORTE DE CADERA X GR (PA),Portion,3164.0
STOCK ALMACEN AYB ,,RECORTE DE PUNTA DE ANCA (PA),Portion,11224.0
STOCK ALMACEN AYB ,,RON BACARDI SUPERIOR,Liter,1.4
STOCK ALMACEN AYB ,,SAL,Kilogram,158.0
STOCK ALMACEN AYB ,7550,SAL  SOBRE,Unidad,28000.0
STOCK ALMACEN AYB ,7227,SAL REFISAL PARRILLA,Kilogram,6.5
STOCK ALMACEN AYB ,7230,SALSA BBQ,Kilogram,41.0
STOCK ALMACEN AYB ,,SALSA CHIPOTLE,Kilogram,5.2
STOCK ALMACEN AYB ,7317,SALSA DE AJI,Liter,10.26
STOCK ALMACEN AYB ,7319,SALSA DE SOYA,Liter,11.25
STOCK ALMACEN AYB ,1483105,SALSA DE SOYA SOBRE,Unidad,2400.0
STOCK ALMACEN AYB ,7237,SALSA DE TOMATE,Kilogram,74.95
STOCK ALMACEN AYB ,7552,SALSA DE TOMATE SOBRE,Unidad,1020.0
STOCK ALMACEN AYB ,7321,SALSA NEGRA,Liter,7.6
STOCK ALMACEN AYB ,7323,SALSA TERIYAKI,Liter,114.0
STOCK ALMACEN AYB ,,SEMILLA DE CHIA,Kilogram,1.0
STOCK ALMACEN AYB ,1373573,SEMILLAS DE CHIA,Kilogram,-1.0
STOCK ALMACEN AYB ,7258,SPAGUETTI,Kilogram,22.0
STOCK ALMACEN AYB ,5149,SUCHINI AMARILLO,Kilogram,90.0
STOCK ALMACEN AYB ,5150,SUCHINI VERDE,Kilogram,90.0
STOCK ALMACEN AYB ,8072,SUERO COSTEÑO,Kilogram,2.0
STOCK ALMACEN AYB ,,TAJIN SALSA EN POLVO,Kilogram,-1.0
STOCK ALMACEN AYB ,,TAMAL X 350 GRS,Unidad,60.0
STOCK ALMACEN AYB ,1472817,TEQUILA DON JULIO 70 CRISTALINO,Liter,8.4
STOCK ALMACEN AYB ,,TEQUILA DON JULIO REPOSADO,Liter,8.4
STOCK ALMACEN AYB ,,TEQUILA JOSE CUERVO ESP. SILVER,Liter,1.5
STOCK ALMACEN AYB ,4048,TOCINETA AHUMADA,Kilogram,170.0
STOCK ALMACEN AYB ,2063,TOCINETA DE CERDO,Kilogram,402.1
STOCK ALMACEN AYB ,5154,TOMATE CHONTO,Kilogram,484.0
STOCK ALMACEN AYB ,1042498,TORTILLA BIMBO,Unidad,180.0
STOCK ALMACEN AYB ,24024,TRIPLE SEC,Liter,2.25
STOCK ALMACEN AYB ,,TROZOS DE FRUTA CONGELADA,Kilogram,88.0
STOCK ALMACEN AYB ,,TRUCHA DESHUESADA,Kilogram,108.49
STOCK ALMACEN AYB ,,VERDURAS MIXTAS MC CAIN,Kilogram,38.0
STOCK ALMACEN AYB ,7327,VINAGRE BALSAMICO,Liter,4.0
STOCK ALMACEN AYB ,7328,VINAGRE BLANCO,Liter,19.0
STOCK ALMACEN AYB ,,VINAGRETA SOBRES,Unidad,4500.0
STOCK ALMACEN AYB ,26051,VINO BLANCO TETRA,Liter,17.0
STOCK ALMACEN AYB ,,VINO ESPUMOSO JP ICE ROSADO,Liter,7.5
STOCK ALMACEN AYB ,,VINO LAS MORAS SAUVIGNON BLANCO,Liter,3.0
STOCK ALMACEN AYB ,,VINO LAS MORAS TINTO MALBEC,Liter,3.0
STOCK ALMACEN AYB ,26195,VINO MARQUES DE RISCAL TINTO,Liter,1.5
STOCK ALMACEN AYB ,26198,VINO MARQUES RUEDA BLANCO,Liter,3.0
STOCK ALMACEN AYB ,,VINO SEGURA VIUDAS BLANCO,Liter,2.25
STOCK ALMACEN AYB ,26039,VINO TINTO TETRAPACK,Liter,6.0
STOCK ALMACEN AYB ,25006,WHISKY BUCHANAN 18 AÑOS,Liter,9.75
STOCK ALMACEN AYB ,,WHISKY BUCHANAN¨S MASTER,Liter,1.5
STOCK ALMACEN AYB ,25007,WHISKY BUCHANANS 12 AÑOS,Liter,3.0
STOCK ALMACEN AYB ,8306,YOGUR VASO,Unidad,9.0
STOCK ALMACEN AYB ,,YOGURT GRIEGO,Liter,48.0
STOCK ALMACEN AYB ,5164,YUCA,Kilogram,20.0
STOCK ALMACEN AYB ,5167,ZANAHORIA,Kilogram,100.0
STOCK ALMACEN AYB ,,,,
STOCK ALMACEN AYB ,TOTAL  ARTICULO 270,,,
STOCK RESTAURANTE FUENTES AYB,7290,ACEITE,Liter,851.4316
STOCK RESTAURANTE FUENTES AYB,7292,ACEITE DE AJONJOLI,Liter,1.654
STOCK RESTAURANTE FUENTES AYB,7293,ACEITE DE OLIVA,Liter,28.82
STOCK RESTAURANTE FUENTES AYB,1483116,ACEITE DE OLIVA 10ML /BOLSA SOBRE X50 UN,Unidad,10.0
STOCK RESTAURANTE FUENTES AYB,5001,ACELGA,Kilogram,19.093
STOCK RESTAURANTE FUENTES AYB,,ACHIOTE,Kilogram,2.2
STOCK RESTAURANTE FUENTES AYB,7003,ACHIOTE MOLIDO,Kilogram,7.124
STOCK RESTAURANTE FUENTES AYB,,ADEREZO QUESO CHEDDAR,Liter,24.72
STOCK RESTAURANTE FUENTES AYB,,AGUA 280 ML,Unidad,1547.0
STOCK RESTAURANTE FUENTES AYB,29018,AGUA BOTELLA,Unidad,6960.0
STOCK RESTAURANTE FUENTES AYB,29019,AGUA BOTELLON,Unidad,109.0065
STOCK RESTAURANTE FUENTES AYB,29033,AGUA SABORIZADA  H2O,Unidad,148.0
STOCK RESTAURANTE FUENTES AYB,,AGUA TONICA SCHWEPPES,Unidad,73.0
STOCK RESTAURANTE FUENTES AYB,,AGUA WAIRA SABORIZADA,Unidad,679.0
STOCK RESTAURANTE FUENTES AYB,5004,AGUACATE,Kilogram,81.011
STOCK RESTAURANTE FUENTES AYB,,AGUARDIENTE AMARILLO PIONERO,Liter,1.5
STOCK RESTAURANTE FUENTES AYB,1241542,AGUARDIENTE ANTIOQUEÑO  SIN AZUCAR,Liter,6.75
STOCK RESTAURANTE FUENTES AYB,,AGUARDIENTE NECTAR CLUB,Liter,1.5
STOCK RESTAURANTE FUENTES AYB,,AJI CASERO PISCILAGO (PA),Unidad,-2690.0
STOCK RESTAURANTE FUENTES AYB,,AJI ROCOTTO,Kilogram,1.7
STOCK RESTAURANTE FUENTES AYB,5009,AJO,Kilogram,67.9059
STOCK RESTAURANTE FUENTES AYB,,AJO GRANULADO,Kilogram,-1.0
STOCK RESTAURANTE FUENTES AYB,6001,AJONJOLI,Kilogram,13.835
STOCK RESTAURANTE FUENTES AYB,6002,AJONJOLI NEGRO,Kilogram,5.0
STOCK RESTAURANTE FUENTES AYB,3001,ALAS DE POLLO,Kilogram,135.5
STOCK RESTAURANTE FUENTES AYB,5010,ALBACON,Kilogram,48.8
STOCK RESTAURANTE FUENTES AYB,5011,ALBAHACA,Kilogram,-0.06
STOCK RESTAURANTE FUENTES AYB,5013,ALCACHOFA,Kilogram,1.0
STOCK RESTAURANTE FUENTES AYB,7008,ALCAPARRAS FRASCO,Kilogram,5.0
STOCK RESTAURANTE FUENTES AYB,6003,ALMENDRAS,Kilogram,2.21
STOCK RESTAURANTE FUENTES AYB,,APANADO,Kilogram,11.65
STOCK RESTAURANTE FUENTES AYB,5015,APIO,Kilogram,46.8776
STOCK RESTAURANTE FUENTES AYB,,ARANDANOS,Kilogram,5.24
STOCK RESTAURANTE FUENTES AYB,7337,AREPA DE HUEVO,Unidad,2197.0
STOCK RESTAURANTE FUENTES AYB,8095,AREPA DE QUESO,Unidad,121.0
STOCK RESTAURANTE FUENTES AYB,8097,AREPA PAISA,Unidad,4382.0
STOCK RESTAURANTE FUENTES AYB,5018,ARRACACHA,Kilogram,45.0
STOCK RESTAURANTE FUENTES AYB,6005,ARROZ,Kilogram,210.0156
STOCK RESTAURANTE FUENTES AYB,6008,ARROZ DOÑA PEPA,Kilogram,5.0
STOCK RESTAURANTE FUENTES AYB,,ARROZ FEDERAL,Kilogram,1250.0
STOCK RESTAURANTE FUENTES AYB,,ARROZ PARA SUSHI,Kilogram,9.07
STOCK RESTAURANTE FUENTES AYB,,ARVEJA CONGELADA MCAIN,Kilogram,11.417
STOCK RESTAURANTE FUENTES AYB,6013,ARVEJA VERDE SECA,Kilogram,16.0
STOCK RESTAURANTE FUENTES AYB,2003,ASADO DE TIRA DE RES COLSUBSIDIO,Kilogram,5.12
STOCK RESTAURANTE FUENTES AYB,7020,AVENA EN HOJUELAS,Kilogram,12.032
STOCK RESTAURANTE FUENTES AYB,8101,AVENA VASO,Unidad,150.0
STOCK RESTAURANTE FUENTES AYB,7022,AZUCAR BLANCA,Kilogram,258.2071
STOCK RESTAURANTE FUENTES AYB,7023,AZUCAR MORENA,Kilogram,0.06
STOCK RESTAURANTE FUENTES AYB,7342,AZUCAR SOBRES,Unidad,4200.0
STOCK RESTAURANTE FUENTES AYB,5023,BANANO EXPORTADO,Kilogram,76.23
STOCK RESTAURANTE FUENTES AYB,,BATIDO PARA APANAR,Kilogram,19.26
STOCK RESTAURANTE FUENTES AYB,7231,BECHAMEL EN POLVO,Kilogram,2.291
STOCK RESTAURANTE FUENTES AYB,5024,BERENJENA,Kilogram,19.1
STOCK RESTAURANTE FUENTES AYB,8107,BONYURT,Unidad,16.0
STOCK RESTAURANTE FUENTES AYB,7034,CAFE EN PEPA,Kilogram,-3.0
STOCK RESTAURANTE FUENTES AYB,7035,CAFE GOURMET,Kilogram,0.5
STOCK RESTAURANTE FUENTES AYB,1474050,CAFE INSTANTANEO COLCAFE 500 GR,Kilogram,6.0
STOCK RESTAURANTE FUENTES AYB,,CAFE MOLIDO,Kilogram,32.0342
STOCK RESTAURANTE FUENTES AYB,,CARNE DE HAMBURGUESA MIXTA,Unidad,85.0
STOCK RESTAURANTE FUENTES AYB,,CARNE DE HAMBURGUESA MOLIDA,Unidad,1578.0
STOCK RESTAURANTE FUENTES AYB,2012,CARNE MOLIDA,Kilogram,132.1
STOCK RESTAURANTE FUENTES AYB,6015,CEBADA PERLADA,Kilogram,10.594
STOCK RESTAURANTE FUENTES AYB,5032,CEBOLLA CABEZONA BLANCA,Kilogram,210.347
STOCK RESTAURANTE FUENTES AYB,5033,CEBOLLA CABEZONA ROJA,Kilogram,140.998
STOCK RESTAURANTE FUENTES AYB,,CEBOLLA EN POLVO,Kilogram,3.5
STOCK RESTAURANTE FUENTES AYB,5034,CEBOLLA JUNCA,Kilogram,171.2978
STOCK RESTAURANTE FUENTES AYB,5036,CEBOLLA PUERRO,Kilogram,32.8614
STOCK RESTAURANTE FUENTES AYB,5038,CEBOLLIN,Kilogram,4.855
STOCK RESTAURANTE FUENTES AYB,,CERVEZA AGUILA CERO,Unidad,744.0
STOCK RESTAURANTE FUENTES AYB,28011,CERVEZA CORONA,Unidad,38.0
STOCK RESTAURANTE FUENTES AYB,,CERVEZA HEINEKEN 0 LATA 250ML,Unidad,344.0
STOCK RESTAURANTE FUENTES AYB,,CERVEZA HEINEKEN 310 ML,Unidad,-9.0
STOCK RESTAURANTE FUENTES AYB,,CERVEZA HEINEKEN CERO,Unidad,-168.0
STOCK RESTAURANTE FUENTES AYB,7048,CHAMPIÑON CORTADO,Kilogram,-17.02
STOCK RESTAURANTE FUENTES AYB,7049,CHAMPIÑON NATURAL,Kilogram,36.8
STOCK RESTAURANTE FUENTES AYB,,CHEESECAKE PISCILAGO (PA),Unidad,1.0
STOCK RESTAURANTE FUENTES AYB,1473262,CHILE SECO CHIPOTLE,Kilogram,-0.043
STOCK RESTAURANTE FUENTES AYB,,CHIMICHURRY PISCILAGO (PA),Unidad,-158.0
STOCK RESTAURANTE FUENTES AYB,,CHOCOFLAN PISCILAGO (PA),Unidad,-1.0
STOCK RESTAURANTE FUENTES AYB,7051,CHOCOLATE  CON AZUCAR,Kilogram,12.975
STOCK RESTAURANTE FUENTES AYB,4003,CHORIZO,Kilogram,194.965
STOCK RESTAURANTE FUENTES AYB,5045,CILANTRO,Kilogram,19.3473
STOCK RESTAURANTE FUENTES AYB,5047,CIRUELA IMPORTADA,Kilogram,1.0
STOCK RESTAURANTE FUENTES AYB,7055,CLAVO DE OLOR,Kilogram,-0.0038
STOCK RESTAURANTE FUENTES AYB,1473771,CLAVO PURO DE OLOR,Kilogram,0.045
STOCK RESTAURANTE FUENTES AYB,,COCA COLA 400 CC,Unidad,963.0
STOCK RESTAURANTE FUENTES AYB,28021,COLA Y POLA,Unidad,1665.0
STOCK RESTAURANTE FUENTES AYB,7064,COLOR,Kilogram,16.101
STOCK RESTAURANTE FUENTES AYB,7065,COMINO,Kilogram,4.8962
STOCK RESTAURANTE FUENTES AYB,7395,COMPOTA,Unidad,221.0
STOCK RESTAURANTE FUENTES AYB,,CONCENTRADO FRUTA ARAZA -MARACUYA 2 KG,Kilogram,30.0
STOCK RESTAURANTE FUENTES AYB,2025,COSTILLA DE CERDO,Kilogram,35.9
STOCK RESTAURANTE FUENTES AYB,2027,COSTILLA DE RES,Kilogram,40.8465
STOCK RESTAURANTE FUENTES AYB,8079,CREMA DE LECHE,Liter,57.046
STOCK RESTAURANTE FUENTES AYB,,CROISSA MARGA BICOL CHOC,Unidad,65.0
STOCK RESTAURANTE FUENTES AYB,1475599,CROOKIES 90 GR PAQ X 4 UND,Unidad,32.0
STOCK RESTAURANTE FUENTES AYB,4008,CROQUETA DE YUCA,Kilogram,14.5
STOCK RESTAURANTE FUENTES AYB,1475598,CROSSANT JAMO Y QUES 100 GR PAQ X 4 UND,Unidad,11.0
STOCK RESTAURANTE FUENTES AYB,6020,CUCHUCO DE MAIZ,Kilogram,2.119
STOCK RESTAURANTE FUENTES AYB,6021,CUCHUCO DE TRIGO,Kilogram,4.0
STOCK RESTAURANTE FUENTES AYB,,CURCUMA POLVO,Kilogram,0.9
STOCK RESTAURANTE FUENTES AYB,7080,CURRY EN POLVO,Kilogram,0.3
STOCK RESTAURANTE FUENTES AYB,,DONAS SURTIDAS,Unidad,12.0
STOCK RESTAURANTE FUENTES AYB,,DULCE DE MORA PISCILAGO (PA),Portion,-174.0
STOCK RESTAURANTE FUENTES AYB,5053,DURAZNO IMPORTADO,Kilogram,1.0
STOCK RESTAURANTE FUENTES AYB,7413,EMPANADA DE PAPA Y CARNE X50 GR,Unidad,2663.0
STOCK RESTAURANTE FUENTES AYB,1473018,EMPANADA POLLO X50 GR,Unidad,1086.0
STOCK RESTAURANTE FUENTES AYB,7304,ESCENCIA SABORES SURTIDOS,Liter,0.5
STOCK RESTAURANTE FUENTES AYB,5057,ESPARRAGOS,Kilogram,5.0
STOCK RESTAURANTE FUENTES AYB,7096,ESPARRAGOS EN FRASCO,Kilogram,2.64
STOCK RESTAURANTE FUENTES AYB,5058,ESPINACA,Kilogram,1.0
STOCK RESTAURANTE FUENTES AYB,,EV MINI POSTRE TORTA NEGRA PISCILAGO (PA),Unidad,5.0
STOCK RESTAURANTE FUENTES AYB,3007,FILETE DE POLLO,Kilogram,92.55
STOCK RESTAURANTE FUENTES AYB,1475596,FLAT ORIGIN 6.75 X 6.75  120 UND,Unidad,485.0
STOCK RESTAURANTE FUENTES AYB,,FLAUTA CHOCOLATE PASTRY,Unidad,9.0
STOCK RESTAURANTE FUENTES AYB,,FONDO DE POLLO PISCILAGO (PA),Portion,-23.0
STOCK RESTAURANTE FUENTES AYB,5062,FRESA,Kilogram,16.71
STOCK RESTAURANTE FUENTES AYB,7420,FRESCO FRUTIÑO,Unidad,438.7
STOCK RESTAURANTE FUENTES AYB,6023,FRIJOL  ROJO/SABANERO,Kilogram,507.39
STOCK RESTAURANTE FUENTES AYB,,FRIJOL CARAOTA,Kilogram,26.0
STOCK RESTAURANTE FUENTES AYB,,FRIJOL PREPARADO PISCILAGO (PA),Unidad,-1518.0
STOCK RESTAURANTE FUENTES AYB,6028,GARBANZO,Kilogram,10.5
STOCK RESTAURANTE FUENTES AYB,29034,GASEOSA KOLA SOL 330 ML,Unidad,11249.0
STOCK RESTAURANTE FUENTES AYB,29035,GASEOSA KOLA SOL 600 ML,Unidad,5830.0
STOCK RESTAURANTE FUENTES AYB,,GASEOSA POSTOBON 400 ML,Unidad,265.0
STOCK RESTAURANTE FUENTES AYB,,GASEOSA QUATRO 400 ML,Unidad,72.0
STOCK RESTAURANTE FUENTES AYB,29040,GASEOSA SPRITE X 400,Unidad,72.0
STOCK RESTAURANTE FUENTES AYB,29042,GATORADE,Unidad,2630.0
STOCK RESTAURANTE FUENTES AYB,,GINEBRA HENDRICK´S,Liter,9.0
STOCK RESTAURANTE FUENTES AYB,27011,GINEBRA TANQUERAY,Liter,4.2
STOCK RESTAURANTE FUENTES AYB,,GINGER BEER * 200 ML,Unidad,44.0
STOCK RESTAURANTE FUENTES AYB,1482289,GLUTAMATO MONOSODICO,Kilogram,1.2
STOCK RESTAURANTE FUENTES AYB,7109,GRAGEAS SURTIDAS,Kilogram,0.5
STOCK RESTAURANTE FUENTES AYB,5067,GRANADILLA,Kilogram,1.0
STOCK RESTAURANTE FUENTES AYB,,GRANOLA,Kilogram,-0.46
STOCK RESTAURANTE FUENTES AYB,,GUACAMOLE PISCILAGO (PA),Portion,-312.0
STOCK RESTAURANTE FUENTES AYB,5069,GUASCAS,Kilogram,2.0
STOCK RESTAURANTE FUENTES AYB,,GUISO CRIOLLO PISCILAGO (PA),Portion,-3090.5
STOCK RESTAURANTE FUENTES AYB,5076,HABICHUELA,Kilogram,6.0
STOCK RESTAURANTE FUENTES AYB,7112,HARINA DE SEMOLA,Kilogram,26.0
STOCK RESTAURANTE FUENTES AYB,7113,HARINA DE TRIGO,Kilogram,86.192
STOCK RESTAURANTE FUENTES AYB,,HASHBROWN,Kilogram,95.34
STOCK RESTAURANTE FUENTES AYB,8135,HELADO CASERO SABORES SURTIDOS,Unidad,-2076.0
STOCK RESTAURANTE FUENTES AYB,5077,HIERBAS HIERBABUENA,Kilogram,7.537
STOCK RESTAURANTE FUENTES AYB,5173,HOJAS DE NORI,Unidad,100.0
STOCK RESTAURANTE FUENTES AYB,8318,HUEVOS DE GALLINA,Unidad,2809.5
STOCK RESTAURANTE FUENTES AYB,,JALAPEÑOS FRASCO,Kilogram,6.0
STOCK RESTAURANTE FUENTES AYB,4020,JAMON SANDWICH,Kilogram,32.787
STOCK RESTAURANTE FUENTES AYB,5065,JENGIBRE,Kilogram,10.5
STOCK RESTAURANTE FUENTES AYB,27012,JEREZ TIO PEPE,Liter,4.5
STOCK RESTAURANTE FUENTES AYB,,JUGO DE LIMON COMPRADO,Liter,32.274
STOCK RESTAURANTE FUENTES AYB,29047,JUGO HIT BOTELLA,Unidad,984.0
STOCK RESTAURANTE FUENTES AYB,29048,JUGO HIT CAJA,Unidad,1622.0
STOCK RESTAURANTE FUENTES AYB,5085,KIWI,Kilogram,4.3
STOCK RESTAURANTE FUENTES AYB,,LASAGNA MONTICELLO,Kilogram,55.0
STOCK RESTAURANTE FUENTES AYB,7123,LASAÑA,Kilogram,3.6
STOCK RESTAURANTE FUENTES AYB,5086,LAUREL,Kilogram,2.0002
STOCK RESTAURANTE FUENTES AYB,,LECHE ASADA PISCILAGO (PA),Unidad,-23.0
STOCK RESTAURANTE FUENTES AYB,7313,LECHE DE COCO,Liter,3.2
STOCK RESTAURANTE FUENTES AYB,8083,LECHE DESLACTOSADA,Liter,287.1667
STOCK RESTAURANTE FUENTES AYB,7124,LECHE EN POLVO,Kilogram,5.4
STOCK RESTAURANTE FUENTES AYB,8084,LECHE ENT LARGA VIDA,Liter,150.0
STOCK RESTAURANTE FUENTES AYB,5087,LECHUGA BATAVIA,Kilogram,20.239
STOCK RESTAURANTE FUENTES AYB,5088,LECHUGA CRESPA,Kilogram,49.979
STOCK RESTAURANTE FUENTES AYB,5093,LECHUGA ROMANA,Kilogram,48.1
STOCK RESTAURANTE FUENTES AYB,,LECHUGA RUGULA ORGANICA,Kilogram,3.0
STOCK RESTAURANTE FUENTES AYB,6031,LENTEJA,Kilogram,5.236
STOCK RESTAURANTE FUENTES AYB,7128,LEVADURA,Kilogram,0.012
STOCK RESTAURANTE FUENTES AYB,5095,LIMON TAHITY,Kilogram,35.767
STOCK RESTAURANTE FUENTES AYB,2039,LOMITO DE RES,Kilogram,3.57
STOCK RESTAURANTE FUENTES AYB,2040,LOMO DE CERDO,Kilogram,4.2
STOCK RESTAURANTE FUENTES AYB,5097,MAIZ DESGRANADO MAC CAIN,Kilogram,117.339
STOCK RESTAURANTE FUENTES AYB,5100,MANDARINA,Kilogram,5.0
STOCK RESTAURANTE FUENTES AYB,5101,MANGO,Kilogram,241.26
STOCK RESTAURANTE FUENTES AYB,8143,MANTEQUILLA CUBO,Unidad,30.0
STOCK RESTAURANTE FUENTES AYB,5103,MANZANA,Kilogram,2.0
STOCK RESTAURANTE FUENTES AYB,5105,MANZANA ROYAL,Kilogram,7.12
STOCK RESTAURANTE FUENTES AYB,7136,MARGARINA,Kilogram,53.048
STOCK RESTAURANTE FUENTES AYB,,MARINADA DE CARNES PISCILAGO (PA),Unidad,-2454.37125
STOCK RESTAURANTE FUENTES AYB,,MARINADA DE POLLO PISCILAGO (PA),Unidad,-494.0
STOCK RESTAURANTE FUENTES AYB,7139,MAYONESA,Kilogram,-13.0162
STOCK RESTAURANTE FUENTES AYB,7508,MAYONESA SOBRES,Unidad,16252.0
STOCK RESTAURANTE FUENTES AYB,5107,MAZORCA,Kilogram,30.913
STOCK RESTAURANTE FUENTES AYB,,MAZORCA ENTERA DULCE,Kilogram,54.0
STOCK RESTAURANTE FUENTES AYB,5110,MELON,Kilogram,131.34
STOCK RESTAURANTE FUENTES AYB,,MEZCLA EN POLVO DE HELADO,Kilogram,30.0
STOCK RESTAURANTE FUENTES AYB,7314,MIEL,Liter,-3.745
STOCK RESTAURANTE FUENTES AYB,7510,MIEL DE ABEJAS SOBRE,Unidad,1800.0
STOCK RESTAURANTE FUENTES AYB,,MINICROQUETA DE YUCA,Kilogram,62.0
STOCK RESTAURANTE FUENTES AYB,4025,MORCILLA,Kilogram,0.57
STOCK RESTAURANTE FUENTES AYB,7151,MOSTAZA,Kilogram,13.303
STOCK RESTAURANTE FUENTES AYB,29054,MR TEA  500,Unidad,131.0
STOCK RESTAURANTE FUENTES AYB,7152,NACHOS NATURALES X500GR,Kilogram,3.0
STOCK RESTAURANTE FUENTES AYB,5113,NARANJA  VALENCIA,Kilogram,104.37
STOCK RESTAURANTE FUENTES AYB,5114,NARANJA TANGELO,Kilogram,40.0
STOCK RESTAURANTE FUENTES AYB,7154,NESCAFE,Kilogram,-8.552
STOCK RESTAURANTE FUENTES AYB,,NESCAFE CAPUCCINO,Kilogram,4.0
STOCK RESTAURANTE FUENTES AYB,5115,NUEZ MOSCADA,Kilogram,0.4
STOCK RESTAURANTE FUENTES AYB,5117,OREGANO,Kilogram,0.4924
STOCK RESTAURANTE FUENTES AYB,7162,OREGANO POLVO,Kilogram,0.4
STOCK RESTAURANTE FUENTES AYB,,PAN ALIÑADO PISCILAGO (PA),Unidad,2408.0
STOCK RESTAURANTE FUENTES AYB,8177,PAN BAGUETT,Unidad,256.75
STOCK RESTAURANTE FUENTES AYB,,PAN DE BONO PISCILAGO (PA),Unidad,53.0
STOCK RESTAURANTE FUENTES AYB,,PAN HAMBURGUESA ELABORADO PISCILAGO (PA),Unidad,818.0
STOCK RESTAURANTE FUENTES AYB,,PAN PERRO ELABORADO PISCILAGO (PA),Unidad,-63.0
STOCK RESTAURANTE FUENTES AYB,,PAN SANDWICH PISCILAGO (PA),Unidad,-1042.0
STOCK RESTAURANTE FUENTES AYB,7165,PANELA,Kilogram,20.047
STOCK RESTAURANTE FUENTES AYB,7167,PAPA A LA FRANCESA,Kilogram,163.2
STOCK RESTAURANTE FUENTES AYB,,PAPA CABELLO DE ANGEL,Kilogram,20.0
STOCK RESTAURANTE FUENTES AYB,5120,PAPA CRIOLLA,Kilogram,52.992
STOCK RESTAURANTE FUENTES AYB,7168,PAPA CRIOLLA PRECOCIDA,Kilogram,153.988
STOCK RESTAURANTE FUENTES AYB,7169,PAPA EN CASQUITOS,Kilogram,115.832
STOCK RESTAURANTE FUENTES AYB,7527,PAPA FRITA PAQUETE,Unidad,552.0
STOCK RESTAURANTE FUENTES AYB,7170,PAPA PARA PERRO,Kilogram,-51.345
STOCK RESTAURANTE FUENTES AYB,5121,PAPA PASTUSA,Kilogram,12.0
STOCK RESTAURANTE FUENTES AYB,5122,PAPA SABANERA,Kilogram,446.806
STOCK RESTAURANTE FUENTES AYB,5124,PAPAYA,Kilogram,116.48
STOCK RESTAURANTE FUENTES AYB,7171,PAPRIKA,Kilogram,1.12275
STOCK RESTAURANTE FUENTES AYB,6037,PASSATTA X 2500 GRAMOS,Kilogram,48.3
STOCK RESTAURANTE FUENTES AYB,7174,PASTA CONCHA,Kilogram,7.0
STOCK RESTAURANTE FUENTES AYB,7177,PASTA DE TOMATE,Kilogram,4.3
STOCK RESTAURANTE FUENTES AYB,7179,PASTA EN TORNILLOS,Kilogram,6.0
STOCK RESTAURANTE FUENTES AYB,7181,PASTA FIDEOS,Kilogram,10.564
STOCK RESTAURANTE FUENTES AYB,,PASTEL CARNE RANCHERO,Unidad,-18.0
STOCK RESTAURANTE FUENTES AYB,,PASTEL DE MANZANA PASTRY,Unidad,8.0
STOCK RESTAURANTE FUENTES AYB,,PASTEL POLLO CARBONA,Unidad,1.0
STOCK RESTAURANTE FUENTES AYB,,PATACONES,Kilogram,44.425
STOCK RESTAURANTE FUENTES AYB,5126,PATILLA,Kilogram,87.94
STOCK RESTAURANTE FUENTES AYB,2048,PECHO DE RES,Kilogram,542.6
STOCK RESTAURANTE FUENTES AYB,,PECHO DE RES X 63 GR (PA),Portion,-59.0
STOCK RESTAURANTE FUENTES AYB,,PEPERONI MADURADO,Kilogram,10.0
STOCK RESTAURANTE FUENTES AYB,7192,PEPINILLOS EN VINAGRE,Kilogram,6.5
STOCK RESTAURANTE FUENTES AYB,5127,PEPINO COHOMBRO,Kilogram,55.0
STOCK RESTAURANTE FUENTES AYB,5130,PERA,Kilogram,1.0
STOCK RESTAURANTE FUENTES AYB,5131,PEREJIL,Kilogram,8.7
STOCK RESTAURANTE FUENTES AYB,3021,PIERNA PERNIL DE POLLO,Kilogram,226.696
STOCK RESTAURANTE FUENTES AYB,,PIERNITA DE POLLO,Kilogram,112.2
STOCK RESTAURANTE FUENTES AYB,5008,PIMENTON,Kilogram,28.555
STOCK RESTAURANTE FUENTES AYB,7198,PIMIENTA MOLIDA,Kilogram,-0.8
STOCK RESTAURANTE FUENTES AYB,7199,PIMIENTA NEGRA,Kilogram,-0.178
STOCK RESTAURANTE FUENTES AYB,5132,PIÑA,Kilogram,123.66
STOCK RESTAURANTE FUENTES AYB,7203,PIÑA CUADROS,Kilogram,25.0
STOCK RESTAURANTE FUENTES AYB,,PIZZA INDIVIDUAL CARNES COMPRADA,Unidad,5.0
STOCK RESTAURANTE FUENTES AYB,,PIZZA INDIVIDUAL HAWAIANA COMPRADA,Unidad,5.0
STOCK RESTAURANTE FUENTES AYB,,PIZZA INDIVIDUAL POLLO COMPRADA,Unidad,5.0
STOCK RESTAURANTE FUENTES AYB,5134,PLATANO ARTON,Kilogram,490.73
STOCK RESTAURANTE FUENTES AYB,3022,POLLO ENTERO,Kilogram,1114.959
STOCK RESTAURANTE FUENTES AYB,,PORCION ARROZ PISCILAGO (PA),Unidad,-5577.4704
STOCK RESTAURANTE FUENTES AYB,,PORCION COSTILLA CERDO X 100 GRS (PA),Unidad,-164.0
STOCK RESTAURANTE FUENTES AYB,,PORCION COSTILLA CERDO X 300 GR (PA),Unidad,-45.0
STOCK RESTAURANTE FUENTES AYB,,PORCION COSTILLA RES X 150 GRS (PA),Unidad,-4.0
STOCK RESTAURANTE FUENTES AYB,,PORCION DE CADERA X 100 GRS (PA),Portion,1124.75
STOCK RESTAURANTE FUENTES AYB,,PORCION DE CADERA X 130 GRS (PA),Portion,504.0
STOCK RESTAURANTE FUENTES AYB,,PORCION DE CADERA X100 GRS,Portion,-100.0
STOCK RESTAURANTE FUENTES AYB,,PORCION DE LOMO DE CERDO X 100 GRS (PA),Portion,296.0
STOCK RESTAURANTE FUENTES AYB,,PORCION DE MOJARRA X 300 GRS (PA),Unidad,13.0
STOCK RESTAURANTE FUENTES AYB,,PORCION DE TOCINO DE CERDO X 100GR (PA),Unidad,-1749.25
STOCK RESTAURANTE FUENTES AYB,,PORCION FILETE PECHUGA X 100 GRS (PA),Portion,875.0
STOCK RESTAURANTE FUENTES AYB,,PORCION FILETE PECHUGA X 230 GRS (PA),Portion,406.978
STOCK RESTAURANTE FUENTES AYB,,PORCION PULPA DE CERDO X 100 GRS (PA),Unidad,2223.5
STOCK RESTAURANTE FUENTES AYB,2053,PULPA DE CERDO,Kilogram,68.26
STOCK RESTAURANTE FUENTES AYB,5138,PULPA DE FRUTA CONGELADA,Kilogram,241.2
STOCK RESTAURANTE FUENTES AYB,8021,QUESILLO,Kilogram,2.5
STOCK RESTAURANTE FUENTES AYB,,QUESO AMERICAN SINGL KRAFT,Kilogram,20.4
STOCK RESTAURANTE FUENTES AYB,8042,QUESO CREMA,Kilogram,1.8521
STOCK RESTAURANTE FUENTES AYB,8057,QUESO MOZARELLA,Kilogram,95.459
STOCK RESTAURANTE FUENTES AYB,8061,QUESO PARMESANO RALLADO,Kilogram,14.34
STOCK RESTAURANTE FUENTES AYB,5140,RAIZ CHINA,Kilogram,31.37
STOCK RESTAURANTE FUENTES AYB,,RECORTE FILETE DE PECHUGA (PA),Unidad,-12.0
STOCK RESTAURANTE FUENTES AYB,29060,RED BULLIZANTE RED BULL,Unidad,146.0
STOCK RESTAURANTE FUENTES AYB,5141,REMOLACHA,Kilogram,40.0
STOCK RESTAURANTE FUENTES AYB,,RUB SECO CARNE HAMBURGUESA PISCILAGO (PA),Portion,-485.0
STOCK RESTAURANTE FUENTES AYB,5147,RUGULA,Kilogram,3.14
STOCK RESTAURANTE FUENTES AYB,,SAL,Kilogram,203.51693
STOCK RESTAURANTE FUENTES AYB,7550,SAL  SOBRE,Unidad,4624.0
STOCK RESTAURANTE FUENTES AYB,4069,SALCHICHA AMERICANA,Unidad,467.0
STOCK RESTAURANTE FUENTES AYB,,SALPICON PISCILAGO (PA),Unidad,-24.25
STOCK RESTAURANTE FUENTES AYB,7230,SALSA BBQ,Kilogram,43.54
STOCK RESTAURANTE FUENTES AYB,,SALSA CHIPOTLE,Kilogram,0.4
STOCK RESTAURANTE FUENTES AYB,7317,SALSA DE AJI,Liter,6.237
STOCK RESTAURANTE FUENTES AYB,,SALSA DE QUESO Y AJO PISCILAGO (PA),Unidad,-2611.0
STOCK RESTAURANTE FUENTES AYB,7319,SALSA DE SOYA,Liter,0.08
STOCK RESTAURANTE FUENTES AYB,1483105,SALSA DE SOYA SOBRE,Unidad,600.0
STOCK RESTAURANTE FUENTES AYB,7237,SALSA DE TOMATE,Kilogram,22.029
STOCK RESTAURANTE FUENTES AYB,7552,SALSA DE TOMATE SOBRE,Unidad,20108.0
STOCK RESTAURANTE FUENTES AYB,,SALSA ESPECIAL PARA HAMBURGUESA (PA),Portion,-15.0
STOCK RESTAURANTE FUENTES AYB,7321,SALSA NEGRA,Liter,58.68
STOCK RESTAURANTE FUENTES AYB,,SALSA PESTO PISCILAGO (PA),Portion,-195.0
STOCK RESTAURANTE FUENTES AYB,7323,SALSA TERIYAKI,Liter,31.7
STOCK RESTAURANTE FUENTES AYB,7247,SALVADO,Kilogram,0.08
STOCK RESTAURANTE FUENTES AYB,,SEMILLA DE CHIA,Kilogram,0.226
STOCK RESTAURANTE FUENTES AYB,1373573,SEMILLAS DE CHIA,Kilogram,1.0
STOCK RESTAURANTE FUENTES AYB,,SILLAO ROSSI,Liter,12.0
STOCK RESTAURANTE FUENTES AYB,7258,SPAGUETTI,Kilogram,13.5
STOCK RESTAURANTE FUENTES AYB,5149,SUCHINI AMARILLO,Kilogram,27.93
STOCK RESTAURANTE FUENTES AYB,5150,SUCHINI VERDE,Kilogram,67.93
STOCK RESTAURANTE FUENTES AYB,,TAJIN,Kilogram,-1.068
STOCK RESTAURANTE FUENTES AYB,,TAJIN SALSA EN POLVO,Kilogram,3.13
STOCK RESTAURANTE FUENTES AYB,,TAMAL X 350 GRS,Unidad,73.0
STOCK RESTAURANTE FUENTES AYB,1472817,TEQUILA DON JULIO 70 CRISTALINO,Liter,0.7
STOCK RESTAURANTE FUENTES AYB,27039,TEQUILA JOSE CUERVO,Liter,0.75
STOCK RESTAURANTE FUENTES AYB,,TEQUILA REPOSADO OLMECA,Liter,0.7
STOCK RESTAURANTE FUENTES AYB,4047,TOCINETA,Kilogram,18.2
STOCK RESTAURANTE FUENTES AYB,4048,TOCINETA AHUMADA,Kilogram,124.986
STOCK RESTAURANTE FUENTES AYB,2063,TOCINETA DE CERDO,Kilogram,265.61
STOCK RESTAURANTE FUENTES AYB,5153,TOMATE CHERRY,Kilogram,25.0
STOCK RESTAURANTE FUENTES AYB,5154,TOMATE CHONTO,Kilogram,143.251
STOCK RESTAURANTE FUENTES AYB,5156,TOMATE MILANO,Kilogram,3.0
STOCK RESTAURANTE FUENTES AYB,5158,TOMILLO,Kilogram,3.5486
STOCK RESTAURANTE FUENTES AYB,,TORTA CASERA PISCILAGO (PA),Unidad,-4.0
STOCK RESTAURANTE FUENTES AYB,1042498,TORTILLA BIMBO,Unidad,76.0
STOCK RESTAURANTE FUENTES AYB,,TROZOS DE FRUTA CONGELADA,Kilogram,15.5
STOCK RESTAURANTE FUENTES AYB,5159,UCHUVA,Kilogram,1.0
STOCK RESTAURANTE FUENTES AYB,5160,UVA  QUEEN N,Kilogram,1.0
STOCK RESTAURANTE FUENTES AYB,5162,UVA ISABELA,Kilogram,36.99
STOCK RESTAURANTE FUENTES AYB,5163,UVAS CHILENAS,Kilogram,1.0
STOCK RESTAURANTE FUENTES AYB,7283,UVAS PASAS,Kilogram,2.0
STOCK RESTAURANTE FUENTES AYB,,VERDURAS MIXTAS MC CAIN,Kilogram,7.298
STOCK RESTAURANTE FUENTES AYB,7327,VINAGRE BALSAMICO,Liter,4.0
STOCK RESTAURANTE FUENTES AYB,7328,VINAGRE BLANCO,Liter,29.02
STOCK RESTAURANTE FUENTES AYB,7329,VINAGRE DE ARROZ,Liter,3.9
STOCK RESTAURANTE FUENTES AYB,,VINAGRETA SOBRES,Unidad,200.0
STOCK RESTAURANTE FUENTES AYB,,VINO ALTO LOS CARN MERLOT,Liter,1.5
STOCK RESTAURANTE FUENTES AYB,26051,VINO BLANCO TETRA,Liter,20.0
STOCK RESTAURANTE FUENTES AYB,,VINO ESPUMOSO JP ICE ROSADO,Liter,1.5
STOCK RESTAURANTE FUENTES AYB,26171,VINO LAMBRUSCO ROSADO,Liter,2.25
STOCK RESTAURANTE FUENTES AYB,,VINO LEYENDA SAUVIGNON BLANC,Liter,3.0
STOCK RESTAURANTE FUENTES AYB,26195,VINO MARQUES DE RISCAL TINTO,Liter,3.0
STOCK RESTAURANTE FUENTES AYB,26198,VINO MARQUES RUEDA BLANCO,Liter,3.0
STOCK RESTAURANTE FUENTES AYB,,VINO SEGURA VIUDAS BLANCO,Liter,2.25
STOCK RESTAURANTE FUENTES AYB,26039,VINO TINTO TETRAPACK,Liter,35.0
STOCK RESTAURANTE FUENTES AYB,26322,VINO UNDURRAGA ROSE,Liter,1.5
STOCK RESTAURANTE FUENTES AYB,26323,VINO UNDURRAGA SAUVIGÑON BLANCO,Liter,0.75
STOCK RESTAURANTE FUENTES AYB,27044,VODKA GREY GOOX,Liter,0.75
STOCK RESTAURANTE FUENTES AYB,25004,WHISKI SELLO NEGRO,Liter,4.5
STOCK RESTAURANTE FUENTES AYB,25006,WHISKY BUCHANAN 18 AÑOS,Liter,8.449
STOCK RESTAURANTE FUENTES AYB,,WHISKY BUCHANAN¨S MASTER,Liter,2.5
STOCK RESTAURANTE FUENTES AYB,25007,WHISKY BUCHANANS 12 AÑOS,Liter,3.0
STOCK RESTAURANTE FUENTES AYB,25012,WHISKY OLD PARR 12 AÑOS,Liter,0.5
STOCK RESTAURANTE FUENTES AYB,,WHISKY OLD PARR 18 AÑOS,Liter,0.75
STOCK RESTAURANTE FUENTES AYB,8306,YOGUR VASO,Unidad,231.0
STOCK RESTAURANTE FUENTES AYB,8311,YOGURT FINESSE VASO,Unidad,-10.0
STOCK RESTAURANTE FUENTES AYB,,YOGURT GRIEGO,Liter,3.6
STOCK RESTAURANTE FUENTES AYB,5167,ZANAHORIA,Kilogram,134.4866
STOCK RESTAURANTE FUENTES AYB,,,,
STOCK RESTAURANTE FUENTES AYB,TOTAL  ARTICULO 344,,,
STOCK RESTAURANTE FUENTES SUMIN,95026266, PLATO BLANCO RECTANGULAR,Unidad,2500.0
STOCK RESTAURANTE FUENTES SUMIN,97502964, BALDE PLASTICO 10 LTS,Unidad,3.0
STOCK RESTAURANTE FUENTES SUMIN,97503242,ABRELATAS MARIPOSA  FB,Unidad,4.0
STOCK RESTAURANTE FUENTES SUMIN,95027285,AFVT) ANTIMICROBIANO FRUTAS Y VERDURAS,Unidad,4.0
STOCK RESTAURANTE FUENTES SUMIN,95023788,ALCOHOL GLICERINADO 500ML CON VALVULA,Unidad,-1.0
STOCK RESTAURANTE FUENTES SUMIN,97509265,AZAFATE  1_2 GN x 10 M- NAC,Unidad,30.0
STOCK RESTAURANTE FUENTES SUMIN,97509264,AZAFATE  1_3 GN x 10 cm NAC,Unidad,30.0
STOCK RESTAURANTE FUENTES SUMIN,97509263,AZAFATE  1_6 GN x 10 cm NAC,Unidad,20.0
STOCK RESTAURANTE FUENTES SUMIN,95032184,BANDEJA EN EARTH PACT 38 X 28,Unidad,5020.0
STOCK RESTAURANTE FUENTES SUMIN,95019181,BANDEJA RECTANGULAR,Unidad,1680.0
STOCK RESTAURANTE FUENTES SUMIN,95023864,BARRAIMANTADA TRAMONTINA,Unidad,12.0
STOCK RESTAURANTE FUENTES SUMIN,97509254,BATIDOR GLOBO 30 CMS INOXIDABLE NAC,Unidad,4.0
STOCK RESTAURANTE FUENTES SUMIN,95023827,BOLSA BLANCA RESD APROV 40X60 PAQ X 50,Unidad,8.0
STOCK RESTAURANTE FUENTES SUMIN,95023833,BOLSA BLANCA RESD APROV 90X110 CAL 2,Unidad,200.0
STOCK RESTAURANTE FUENTES SUMIN,95005752,BOLSA CANASTILLA 24X39 PULG CAL 1 X KILO,Unidad,78.0
STOCK RESTAURANTE FUENTES SUMIN,95023286,BOLSA EMPAQUE AL VACIO*22CM*18CM*70 MIC,Unidad,25.0
STOCK RESTAURANTE FUENTES SUMIN,95023287,BOLSA EMPAQUE AL VACIO*30CM*20CM*70 MIC,Unidad,23.0
STOCK RESTAURANTE FUENTES SUMIN,95023288,BOLSA EMPAQUE AL VACIO*42 CM*35CM*70 MIC,Unidad,9.5
STOCK RESTAURANTE FUENTES SUMIN,95023828,BOLSA NEGRA RESD NO APROV 40X60 PAQ X 50,Unidad,9.0
STOCK RESTAURANTE FUENTES SUMIN,95023834,BOLSA NEGRA RESD NO APROV  90X1110 CAL 2,Unidad,125.0
STOCK RESTAURANTE FUENTES SUMIN,95024135,BOLSA PAPEL ANTIGRASO ANTOJOS,Unidad,7000.0
STOCK RESTAURANTE FUENTES SUMIN,95009618,BOLSA PARAFIN.HAMBUR 20X20 CAL 2 PAQX100,Unidad,24.0
STOCK RESTAURANTE FUENTES SUMIN,95020302,BOLSA RESELLABLE 18 X 17 CM PAQ X 100,Unidad,60.0
STOCK RESTAURANTE FUENTES SUMIN,95023835,BOLSA VERDE RESD ORG APROV 90X110 CAL 2,Unidad,175.0
STOCK RESTAURANTE FUENTES SUMIN,95024101,BOTELLA DE VIDRIO 250 CC,Unidad,250.0
STOCK RESTAURANTE FUENTES SUMIN,95025023,BOWL 1.300 ML CON TAPA,Unidad,2400.0
STOCK RESTAURANTE FUENTES SUMIN,97502892,BOWL ACERO INOXIDABLE 3 LT FB,Unidad,8.0
STOCK RESTAURANTE FUENTES SUMIN,97502894,BOWL ACERO INOXIDABLE 4 LT FB,Unidad,8.0
STOCK RESTAURANTE FUENTES SUMIN,97502896,BOWL ACERO INOXIDABLE 8 LT FB,Unidad,8.0
STOCK RESTAURANTE FUENTES SUMIN,95025962,BOWLS KRAFT 26 ONZ- PQ*50,Unidad,36.0
STOCK RESTAURANTE FUENTES SUMIN,95013346,CABO PARA ESCOBA METALICO,Unidad,16.0
STOCK RESTAURANTE FUENTES SUMIN,95013356,CAJA MENU INFANTIL IMPR. 15.5X10X9.5 CM,Unidad,1300.0
STOCK RESTAURANTE FUENTES SUMIN,95001097,CAJA PORTA PERROS IMPRESA PAQX250,Unidad,2.6
STOCK RESTAURANTE FUENTES SUMIN,97503118,CALDERO ALUM FUND TAPA 36CM 11.4LT FB,Unidad,2.0
STOCK RESTAURANTE FUENTES SUMIN,97503120,CALDERO ALUM FUND TAPA 44CM 17LT FB,Unidad,2.0
STOCK RESTAURANTE FUENTES SUMIN,95004147,COLADOR CHINO GRANDE,Unidad,4.0
STOCK RESTAURANTE FUENTES SUMIN,95024223,COPA DE 1/2 OZ CON TAPA,Unidad,26000.0
STOCK RESTAURANTE FUENTES SUMIN,95031186,CORTADOR DE HUEVOS,Unidad,12.0
STOCK RESTAURANTE FUENTES SUMIN,95008754,CORTADOR DE PIZZA PROFESIONAL,Unidad,8.0
STOCK RESTAURANTE FUENTES SUMIN,95001224,COSEDORA ESTANDAR 26/6 REF. 570,Unidad,1.0
STOCK RESTAURANTE FUENTES SUMIN,,CUCHARA DE POSTRE,Unidad,-3.0
STOCK RESTAURANTE FUENTES SUMIN,97502906,CUCHARA HELADO  FB,Unidad,2.0
STOCK RESTAURANTE FUENTES SUMIN,95025957,CUCHARA POSTRE   ALMIDÓN . MAÍZ PTE* 100,Unidad,10.0
STOCK RESTAURANTE FUENTES SUMIN,95022333,CUCHARA SERVIR ACERO INOX,Unidad,10.0
STOCK RESTAURANTE FUENTES SUMIN,97509234,CUCHARON 8 ONZAS  NAC,Unidad,10.0
STOCK RESTAURANTE FUENTES SUMIN,97503165,"CUCHILLO 10"" MANGO AMARILLO",Unidad,20.0
STOCK RESTAURANTE FUENTES SUMIN,97503169,"CUCHILLO 10"" MANGO AZUL",Unidad,20.0
STOCK RESTAURANTE FUENTES SUMIN,97503163,"CUCHILLO 10"" MANGO BLANCO",Unidad,20.0
STOCK RESTAURANTE FUENTES SUMIN,97503171,"CUCHILLO 10"" MANGO ROJO",Unidad,20.0
STOCK RESTAURANTE FUENTES SUMIN,97503167,"CUCHILLO 10"" MANGO VERDE NAC",Unidad,20.0
STOCK RESTAURANTE FUENTES SUMIN,97503149,"CUCHILLO 6"""" MANGO NEGRO NAC",Unidad,20.0
STOCK RESTAURANTE FUENTES SUMIN,95021169,"CUCHILLO DESHUESAR DE 6""",Unidad,2.0
STOCK RESTAURANTE FUENTES SUMIN,97503177,"CUCHILLO LEGUMBRES 4"""" NAC",Unidad,24.0
STOCK RESTAURANTE FUENTES SUMIN,95021392,DESENGRASANTE G PLUS 3780 ML,Unidad,6.0
STOCK RESTAURANTE FUENTES SUMIN,95021396,DESINFECTANTE ALIMENTOS XY-12 3780ML,Unidad,3.0
STOCK RESTAURANTE FUENTES SUMIN,95021390,DESINFECTANTE AMBIENTES WHISPERV 3780ML,Unidad,3.0
STOCK RESTAURANTE FUENTES SUMIN,95021401,DETERG ENZIMATICO PISO WASH&WALK 9450ML,Unidad,6.0
STOCK RESTAURANTE FUENTES SUMIN,95021410,DETERGENTE MULTIUSO PANTASTIC 20 LITROS,Unidad,9.0
STOCK RESTAURANTE FUENTES SUMIN,95004114,ESCOBA DURA 37CM MANGO MADERA,Unidad,8.0
STOCK RESTAURANTE FUENTES SUMIN,95004115,ESCOBA FIBRA SUAVE,Unidad,6.0
STOCK RESTAURANTE FUENTES SUMIN,97503296,ESCURRIDOR FRITOS  FB,Unidad,4.0
STOCK RESTAURANTE FUENTES SUMIN,95001245,ESFERO TINTA NEGRA,Unidad,18.0
STOCK RESTAURANTE FUENTES SUMIN,95026729,ESPATULA  FRITURA 5X2,Unidad,11.0
STOCK RESTAURANTE FUENTES SUMIN,97503199,ESPATULA FRITURA 6X3 1/2 CM BOG,Unidad,10.0
STOCK RESTAURANTE FUENTES SUMIN,95022559,ESPATULA PARA PIZZA,Unidad,6.0
STOCK RESTAURANTE FUENTES SUMIN,95026727,ESPATULA REPOSTERIA 10 PULGADAS,Unidad,2.0
STOCK RESTAURANTE FUENTES SUMIN,95026728,ESPATULA REPOSTERIA 6 PULGADAS,Unidad,1.0
STOCK RESTAURANTE FUENTES SUMIN,95024156,ESPATULA RESISTENTEN AL CALOR,Unidad,12.0
STOCK RESTAURANTE FUENTES SUMIN,95009678,ESPONJA HORNOS PARRILLA 3M ROLLO X 5 MT,Unidad,2.0
STOCK RESTAURANTE FUENTES SUMIN,95031010,ETIQUETA ROTACION AYB,Unidad,4.0
STOCK RESTAURANTE FUENTES SUMIN,95004116,EXPRIMIDOR TRAPERO 33-35 LITROS,Unidad,1.0
STOCK RESTAURANTE FUENTES SUMIN,95001089,F-393 VALERA COMIDA-PERSONAL LIBX50,Unidad,30.0
STOCK RESTAURANTE FUENTES SUMIN,95001482,GANCHO COSEDORA 26/6 ESTANDAR X 5000 UN,Unidad,1.0
STOCK RESTAURANTE FUENTES SUMIN,95010470,GUANTE CAUCHO AFELPADO AMARILLO T.L,Unidad,2.0
STOCK RESTAURANTE FUENTES SUMIN,95009582,GUANTE DE CAUCHO CAL. 35 No 9 PAR,Unidad,5.0
STOCK RESTAURANTE FUENTES SUMIN,95010466,GUANTE DE NITRILO  TALLA M CJ X 50 PARES,Unidad,19.0
STOCK RESTAURANTE FUENTES SUMIN,95010394,GUANTES DE POLIETILENO CJX50 PARES,Unidad,40.0
STOCK RESTAURANTE FUENTES SUMIN,95031303,JABON LÍQUIDO EPROCARE 3780ML/1 GALÓN,Unidad,8.0
STOCK RESTAURANTE FUENTES SUMIN,95008221,LIJA AGUA No. 120,Unidad,90.0
STOCK RESTAURANTE FUENTES SUMIN,95009577,LIMPION PAPEL NATURAL INDUSTR RLLX550MT,Unidad,10.0
STOCK RESTAURANTE FUENTES SUMIN,95006744,LIMPION WYPOL X-70 REUTILIZABLE CJ X 6RLS,Unidad,3.333
STOCK RESTAURANTE FUENTES SUMIN,95032256,MALLA DE PIZZA 30 CMS,Unidad,30.0
STOCK RESTAURANTE FUENTES SUMIN,95032257,MALLA DE PIZZA 36 CMS,Unidad,30.0
STOCK RESTAURANTE FUENTES SUMIN,95032258,MALLA DE PIZZA 46 CMS,Unidad,10.0
STOCK RESTAURANTE FUENTES SUMIN,95019897,MALLA DELGADA A&B PARA EL CABELLO 50MM,Unidad,20.0
STOCK RESTAURANTE FUENTES SUMIN,95022736,MANDOLINA ACERO INOX,Unidad,2.0
STOCK RESTAURANTE FUENTES SUMIN,95001252,MARCADOR PERMANENTE NEGRO,Unidad,10.0
STOCK RESTAURANTE FUENTES SUMIN,95004482,MASCARILLA DESECHABLE CAUCHOS CJX50 UN,Unidad,48.0
STOCK RESTAURANTE FUENTES SUMIN,95004117,MECHA PARA TRAPERO REF.1000 DE 405 GR,Unidad,5.0
STOCK RESTAURANTE FUENTES SUMIN,95023482,MEZCLADOR EN MADERA 11CM PAQ X 1000,Unidad,6.0
STOCK RESTAURANTE FUENTES SUMIN,95032368,MOLDE ALUMINIO LASAÑA 16 ONZAS,Unidad,120.0
STOCK RESTAURANTE FUENTES SUMIN,97502918,OLLA A PRESION 15 LT,Unidad,2.0
STOCK RESTAURANTE FUENTES SUMIN,95019798,ORGANIZADOR  PORTA ESCOBA,Unidad,9.0
STOCK RESTAURANTE FUENTES SUMIN,95009613,PALILLO MADERA PARA HAMBURGUESA PAQX100,Unidad,1.2
STOCK RESTAURANTE FUENTES SUMIN,95023584,PALO DE BAMBU ROJO,Unidad,29.0
STOCK RESTAURANTE FUENTES SUMIN,95004221,PAPEL ALUMINIO ROLLO 12 X  300 FT,Unidad,2.0
STOCK RESTAURANTE FUENTES SUMIN,95001306,PAPEL FOTOCOPIA TAMAÑO CARTA 75 GR,Unidad,6.0
STOCK RESTAURANTE FUENTES SUMIN,95023350,PASTILLA LIMPIADOR HORNO AZUL BALDE X150,Unidad,287.0
STOCK RESTAURANTE FUENTES SUMIN,95024760,PASTILLA LIMPIADOR HORNO VERDE BALDEX150,Unidad,300.0
STOCK RESTAURANTE FUENTES SUMIN,97502982,PEROL ANODIZADO 24 CM FB,Unidad,10.0
STOCK RESTAURANTE FUENTES SUMIN,97501556,PIEDRA DE AFILAR DOBLE FAZ,Unidad,6.0
STOCK RESTAURANTE FUENTES SUMIN,95023201,PIMENTERO EN ACERO INOXIDABLE,Unidad,2.0
STOCK RESTAURANTE FUENTES SUMIN,95006710,PITILLO DE PAPEL CAJA,Unidad,2035.0
STOCK RESTAURANTE FUENTES SUMIN,95027684,PLATO 15CM  PULPA CAÑA PTE*20 UN,Unidad,323.0
STOCK RESTAURANTE FUENTES SUMIN,95024943,PLATO CUADRADO PULPA 26 CM 250X50,Unidad,375.0
STOCK RESTAURANTE FUENTES SUMIN,95025974,PORTACOMIDA J1 PULPA DE PAPEL PTE*50,Unidad,1.0
STOCK RESTAURANTE FUENTES SUMIN,95004118,"PORTATRAPERO METALICO 2 MARIP1,50CM",Unidad,1.0
STOCK RESTAURANTE FUENTES SUMIN,95004100,RECOGEDOR BASURA PLASTICO,Unidad,6.0
STOCK RESTAURANTE FUENTES SUMIN,95005698,RELOJ DE PARED,Unidad,4.0
STOCK RESTAURANTE FUENTES SUMIN,95004428,ROLLO VINILPEL EMP.FRUVER 300MMX1500MT,Unidad,2.0
STOCK RESTAURANTE FUENTES SUMIN,95012626,SALERO ACERO INOX IND 1,Unidad,10.0
STOCK RESTAURANTE FUENTES SUMIN,95007665,SALSERO PLASTICO TRANSPRENTE,Unidad,48.0
STOCK RESTAURANTE FUENTES SUMIN,95031800,SERVILLETAS BIODEGRADABLES,Unidad,4.501
STOCK RESTAURANTE FUENTES SUMIN,95025960,SET CUCHARA SERVIL  A.MAIZ  PAQ*100,Unidad,10.0
STOCK RESTAURANTE FUENTES SUMIN,,SET TENED CUCHI SERVIL PP BIOD PQT X 100,Unidad,4500.0
STOCK RESTAURANTE FUENTES SUMIN,95025959,SET TENEDOR CUCHILLO SERVI A.MAÍZ P*100,Unidad,164.0
STOCK RESTAURANTE FUENTES SUMIN,97503006,TABLA ACRILICA P/PICAR ROJO 50X38CM FB,Unidad,10.0
STOCK RESTAURANTE FUENTES SUMIN,97503004,TABLA ACRILICA PICAR BLANCO 50X38CM FB,Unidad,10.0
STOCK RESTAURANTE FUENTES SUMIN,97503008,TABLA ACRILICA PICAR VERDE  50X38CM FB,Unidad,12.0
STOCK RESTAURANTE FUENTES SUMIN,95026723,TABLA PARA PICAR  51x38x1 CAFE,Unidad,10.0
STOCK RESTAURANTE FUENTES SUMIN,95026722,TABLA PARA PICAR AMARILLA,Unidad,10.0
STOCK RESTAURANTE FUENTES SUMIN,95026724,TABLA PARA PICAR AZUL,Unidad,10.0
STOCK RESTAURANTE FUENTES SUMIN,95025963,TAPA PET BOWLS  KRAF 26 ONZ  PT*50,Unidad,36.0
STOCK RESTAURANTE FUENTES SUMIN,95025075,TAPA VASO,Unidad,220.0
STOCK RESTAURANTE FUENTES SUMIN,97509257,TIJERAS CORTA POLLO NAC,Unidad,4.0
STOCK RESTAURANTE FUENTES SUMIN,97503257,TIMER 60 SEGUNDOS DIGITAL NAC,Unidad,10.0
STOCK RESTAURANTE FUENTES SUMIN,95021157,TOALLA MANOS ROLLO CJX6 NATUR X 120 MT,Unidad,2.167
STOCK RESTAURANTE FUENTES SUMIN,95022644,VASO 12 ONZAS,Unidad,232.0
STOCK RESTAURANTE FUENTES SUMIN,95025948,VASO 12OZ POLIBOARD PAQ*50 UN,Unidad,51.0
STOCK RESTAURANTE FUENTES SUMIN,95025945,VASO 7 OZ POLIBOARD PAQ*50 UN,Unidad,55.0
STOCK RESTAURANTE FUENTES SUMIN,95025947,VASO 9 OZ POLIBOARD PAQ*50 UN,Unidad,50.0
STOCK RESTAURANTE FUENTES SUMIN,95020134,VASO  14 ONZAS EN ACRILICO CON TAPA DOMO,Unidad,2500.0
STOCK RESTAURANTE FUENTES SUMIN,97502990,WOK ANODIZADO 32 CM FB,Unidad,4.0
STOCK RESTAURANTE FUENTES SUMIN,,,,
STOCK RESTAURANTE FUENTES SUMIN,TOTAL  ARTICULO 134,,,
STOCK KIOSCO TAQUILLA AYB,7290,ACEITE,Liter,56.82
STOCK KIOSCO TAQUILLA AYB,,AGUA 280 ML,Unidad,33.0
STOCK KIOSCO TAQUILLA AYB,29018,AGUA BOTELLA,Unidad,234.0
STOCK KIOSCO TAQUILLA AYB,29019,AGUA BOTELLON,Unidad,10.38
STOCK KIOSCO TAQUILLA AYB,29033,AGUA SABORIZADA  H2O,Unidad,82.0
STOCK KIOSCO TAQUILLA AYB,,AGUA WAIRA SABORIZADA,Unidad,118.0
STOCK KIOSCO TAQUILLA AYB,,AJI CASERO PISCILAGO (PA),Unidad,-482.0
STOCK KIOSCO TAQUILLA AYB,7337,AREPA DE HUEVO,Unidad,228.0
STOCK KIOSCO TAQUILLA AYB,8101,AVENA VASO,Unidad,10.0
STOCK KIOSCO TAQUILLA AYB,7022,AZUCAR BLANCA,Kilogram,2.5
STOCK KIOSCO TAQUILLA AYB,7342,AZUCAR SOBRES,Unidad,745.0
STOCK KIOSCO TAQUILLA AYB,8107,BONYURT,Unidad,13.0
STOCK KIOSCO TAQUILLA AYB,,CARNE DE HAMBURGUESA MOLIDA,Unidad,21.0
STOCK KIOSCO TAQUILLA AYB,,CERVEZA AGUILA CERO,Unidad,32.0
STOCK KIOSCO TAQUILLA AYB,,CERVEZA HEINEKEN 0 LATA 250ML,Unidad,2.0
STOCK KIOSCO TAQUILLA AYB,,CERVEZA HEINEKEN CERO,Unidad,-2.0
STOCK KIOSCO TAQUILLA AYB,7367,CHITOS FAMILIAR,Unidad,23.0
STOCK KIOSCO TAQUILLA AYB,,COCA COLA 400 CC,Unidad,46.0
STOCK KIOSCO TAQUILLA AYB,28021,COLA Y POLA,Unidad,48.0
STOCK KIOSCO TAQUILLA AYB,,DONAS SURTIDAS,Unidad,23.0
STOCK KIOSCO TAQUILLA AYB,7413,EMPANADA DE PAPA Y CARNE X50 GR,Unidad,322.0
STOCK KIOSCO TAQUILLA AYB,1473018,EMPANADA POLLO X50 GR,Unidad,185.0
STOCK KIOSCO TAQUILLA AYB,,FLAUTA CHOCOLATE PASTRY,Unidad,-5.0
STOCK KIOSCO TAQUILLA AYB,29034,GASEOSA KOLA SOL 330 ML,Unidad,122.0
STOCK KIOSCO TAQUILLA AYB,29035,GASEOSA KOLA SOL 600 ML,Unidad,93.0
STOCK KIOSCO TAQUILLA AYB,,GASEOSA POSTOBON 400 ML,Unidad,14.0
STOCK KIOSCO TAQUILLA AYB,29042,GATORADE,Unidad,154.0
STOCK KIOSCO TAQUILLA AYB,8135,HELADO CASERO SABORES SURTIDOS,Unidad,267.0
STOCK KIOSCO TAQUILLA AYB,7117,HIELO EN CUBO,Kilogram,4.0
STOCK KIOSCO TAQUILLA AYB,4020,JAMON SANDWICH,Kilogram,0.64
STOCK KIOSCO TAQUILLA AYB,29047,JUGO HIT BOTELLA,Unidad,112.0
STOCK KIOSCO TAQUILLA AYB,29048,JUGO HIT CAJA,Unidad,37.0
STOCK KIOSCO TAQUILLA AYB,5088,LECHUGA CRESPA,Kilogram,1.294
STOCK KIOSCO TAQUILLA AYB,7508,MAYONESA SOBRES,Unidad,403.0
STOCK KIOSCO TAQUILLA AYB,29054,MR TEA  500,Unidad,40.0
STOCK KIOSCO TAQUILLA AYB,7154,NESCAFE,Kilogram,0.688
STOCK KIOSCO TAQUILLA AYB,,NESCAFE CAPUCCINO,Kilogram,1.815
STOCK KIOSCO TAQUILLA AYB,,PAN HAMBURGUESA ELABORADO PISCILAGO (PA),Unidad,13.0
STOCK KIOSCO TAQUILLA AYB,,PAN PERRO ELABORADO PISCILAGO (PA),Unidad,17.0
STOCK KIOSCO TAQUILLA AYB,,PAN SANDWICH PISCILAGO (PA),Unidad,20.0
STOCK KIOSCO TAQUILLA AYB,7167,PAPA A LA FRANCESA,Kilogram,2.52
STOCK KIOSCO TAQUILLA AYB,7527,PAPA FRITA PAQUETE,Unidad,7.0
STOCK KIOSCO TAQUILLA AYB,7170,PAPA PARA PERRO,Kilogram,3.063
STOCK KIOSCO TAQUILLA AYB,7171,PAPRIKA,Kilogram,-0.0009
STOCK KIOSCO TAQUILLA AYB,,PASTEL DE POLLO PASTRY,Unidad,-33.0
STOCK KIOSCO TAQUILLA AYB,,PASTEL POLLO CARBONA,Unidad,32.0
STOCK KIOSCO TAQUILLA AYB,8057,QUESO MOZARELLA,Kilogram,1.689
STOCK KIOSCO TAQUILLA AYB,,SAL,Kilogram,-0.003
STOCK KIOSCO TAQUILLA AYB,7550,SAL  SOBRE,Unidad,810.0
STOCK KIOSCO TAQUILLA AYB,4069,SALCHICHA AMERICANA,Unidad,17.0
STOCK KIOSCO TAQUILLA AYB,,SALPICON PISCILAGO (PA),Unidad,10.0
STOCK KIOSCO TAQUILLA AYB,,SALSA DE QUESO Y AJO PISCILAGO (PA),Unidad,20.0
STOCK KIOSCO TAQUILLA AYB,7552,SALSA DE TOMATE SOBRE,Unidad,338.0
STOCK KIOSCO TAQUILLA AYB,,SALSA ESPECIAL PARA HAMBURGUESA (PA),Portion,10.0
STOCK KIOSCO TAQUILLA AYB,4048,TOCINETA AHUMADA,Kilogram,1.072
STOCK KIOSCO TAQUILLA AYB,7571,TODO RICO,Unidad,71.0
STOCK KIOSCO TAQUILLA AYB,5154,TOMATE CHONTO,Kilogram,2.14
STOCK KIOSCO TAQUILLA AYB,8306,YOGUR VASO,Unidad,8.0
STOCK KIOSCO TAQUILLA AYB,,,,
STOCK KIOSCO TAQUILLA AYB,TOTAL  ARTICULO 58,,,
STOCK KIOSCO PISCIGIROS AYB,7290,ACEITE,Liter,30.59
STOCK KIOSCO PISCIGIROS AYB,,AGUA 280 ML,Unidad,24.0
STOCK KIOSCO PISCIGIROS AYB,29018,AGUA BOTELLA,Unidad,423.0
STOCK KIOSCO PISCIGIROS AYB,29019,AGUA BOTELLON,Unidad,3.0
STOCK KIOSCO PISCIGIROS AYB,29033,AGUA SABORIZADA  H2O,Unidad,59.0
STOCK KIOSCO PISCIGIROS AYB,,AGUA WAIRA SABORIZADA,Unidad,81.0
STOCK KIOSCO PISCIGIROS AYB,,AJI CASERO PISCILAGO (PA),Unidad,-333.0
STOCK KIOSCO PISCIGIROS AYB,7337,AREPA DE HUEVO,Unidad,89.0
STOCK KIOSCO PISCIGIROS AYB,8101,AVENA VASO,Unidad,18.0
STOCK KIOSCO PISCIGIROS AYB,7022,AZUCAR BLANCA,Kilogram,2.43
STOCK KIOSCO PISCIGIROS AYB,8107,BONYURT,Unidad,14.0
STOCK KIOSCO PISCIGIROS AYB,,CARNE DE HAMBURGUESA MIXTA,Unidad,30.0
STOCK KIOSCO PISCIGIROS AYB,,CARNE DE HAMBURGUESA MOLIDA,Unidad,7.0
STOCK KIOSCO PISCIGIROS AYB,,CERVEZA AGUILA CERO,Unidad,153.0
STOCK KIOSCO PISCIGIROS AYB,,CERVEZA HEINEKEN 0 LATA 250ML,Unidad,71.0
STOCK KIOSCO PISCIGIROS AYB,,CERVEZA HEINEKEN CERO,Unidad,-47.0
STOCK KIOSCO PISCIGIROS AYB,7367,CHITOS FAMILIAR,Unidad,1.0
STOCK KIOSCO PISCIGIROS AYB,,COCA COLA 400 CC,Unidad,181.0
STOCK KIOSCO PISCIGIROS AYB,28021,COLA Y POLA,Unidad,279.0
STOCK KIOSCO PISCIGIROS AYB,,DONAS SURTIDAS,Unidad,27.0
STOCK KIOSCO PISCIGIROS AYB,7413,EMPANADA DE PAPA Y CARNE X50 GR,Unidad,252.0
STOCK KIOSCO PISCIGIROS AYB,1473018,EMPANADA POLLO X50 GR,Unidad,125.0
STOCK KIOSCO PISCIGIROS AYB,,FLAUTA CHOCOLATE PASTRY,Unidad,8.0
STOCK KIOSCO PISCIGIROS AYB,29034,GASEOSA KOLA SOL 330 ML,Unidad,108.0
STOCK KIOSCO PISCIGIROS AYB,29035,GASEOSA KOLA SOL 600 ML,Unidad,55.0
STOCK KIOSCO PISCIGIROS AYB,,GASEOSA POSTOBON 400 ML,Unidad,36.0
STOCK KIOSCO PISCIGIROS AYB,29042,GATORADE,Unidad,125.0
STOCK KIOSCO PISCIGIROS AYB,8135,HELADO CASERO SABORES SURTIDOS,Unidad,856.0
STOCK KIOSCO PISCIGIROS AYB,7117,HIELO EN CUBO,Kilogram,2.0
STOCK KIOSCO PISCIGIROS AYB,4020,JAMON SANDWICH,Kilogram,-0.128
STOCK KIOSCO PISCIGIROS AYB,29047,JUGO HIT BOTELLA,Unidad,148.0
STOCK KIOSCO PISCIGIROS AYB,29048,JUGO HIT CAJA,Unidad,68.0
STOCK KIOSCO PISCIGIROS AYB,5088,LECHUGA CRESPA,Kilogram,0.824
STOCK KIOSCO PISCIGIROS AYB,7508,MAYONESA SOBRES,Unidad,1224.0
STOCK KIOSCO PISCIGIROS AYB,29054,MR TEA  500,Unidad,71.0
STOCK KIOSCO PISCIGIROS AYB,,PAN PERRO ELABORADO PISCILAGO (PA),Unidad,-37.0
STOCK KIOSCO PISCIGIROS AYB,,PAN SANDWICH PISCILAGO (PA),Unidad,-4.0
STOCK KIOSCO PISCIGIROS AYB,7167,PAPA A LA FRANCESA,Kilogram,6.64
STOCK KIOSCO PISCIGIROS AYB,7527,PAPA FRITA PAQUETE,Unidad,141.0
STOCK KIOSCO PISCIGIROS AYB,7170,PAPA PARA PERRO,Kilogram,5.667
STOCK KIOSCO PISCIGIROS AYB,7171,PAPRIKA,Kilogram,-0.0216
STOCK KIOSCO PISCIGIROS AYB,,PASTEL CARNE RANCHERO,Unidad,-21.0
STOCK KIOSCO PISCIGIROS AYB,,PASTEL DE POLLO PASTRY,Unidad,-8.0
STOCK KIOSCO PISCIGIROS AYB,,PASTEL POLLO CARBONA,Unidad,-45.0
STOCK KIOSCO PISCIGIROS AYB,8057,QUESO MOZARELLA,Kilogram,0.462
STOCK KIOSCO PISCIGIROS AYB,,RUB SECO CARNE HAMBURGUESA PISCILAGO (PA),Portion,131.0
STOCK KIOSCO PISCIGIROS AYB,,SAL,Kilogram,-0.12
STOCK KIOSCO PISCIGIROS AYB,4069,SALCHICHA AMERICANA,Unidad,-37.0
STOCK KIOSCO PISCIGIROS AYB,,SALPICON PISCILAGO (PA),Unidad,26.0
STOCK KIOSCO PISCIGIROS AYB,,SALSA DE QUESO Y AJO PISCILAGO (PA),Unidad,-57.0
STOCK KIOSCO PISCIGIROS AYB,7552,SALSA DE TOMATE SOBRE,Unidad,1734.0
STOCK KIOSCO PISCIGIROS AYB,4048,TOCINETA AHUMADA,Kilogram,2.654
STOCK KIOSCO PISCIGIROS AYB,7571,TODO RICO,Unidad,27.0
STOCK KIOSCO PISCIGIROS AYB,5154,TOMATE CHONTO,Kilogram,2.29
STOCK KIOSCO PISCIGIROS AYB,8306,YOGUR VASO,Unidad,8.0
STOCK KIOSCO PISCIGIROS AYB,8311,YOGURT FINESSE VASO,Unidad,-2.0
STOCK KIOSCO PISCIGIROS AYB,,,,
STOCK KIOSCO PISCIGIROS AYB,TOTAL  ARTICULO 56,,,
ZOOLOGICO,5001,ACELGA,Kilogram,220.7
ZOOLOGICO,5004,AGUACATE,Kilogram,30.0
ZOOLOGICO,5005,AHUYAMA,Kilogram,123.0
ZOOLOGICO,5015,APIO,Kilogram,242.0
ZOOLOGICO,,ARANDANOS,Kilogram,8.0
ZOOLOGICO,5023,BANANO EXPORTADO,Kilogram,285.9
ZOOLOGICO,5024,BERENJENA,Kilogram,1.6
ZOOLOGICO,5027,BROCOLI,Kilogram,4.0
ZOOLOGICO,,BROTES MIX VERDE,Kilogram,0.5
ZOOLOGICO,2007,CADERA DE RES,Kilogram,68.8
ZOOLOGICO,,CAFE MOLIDO,Kilogram,1.0
ZOOLOGICO,5028,CALABACIN,Kilogram,2.0
ZOOLOGICO,,CAMARON CRUDO,Kilogram,11.0
ZOOLOGICO,5046,CIRUELA,Kilogram,26.0
ZOOLOGICO,5050,COLIFLOR,Kilogram,12.0
ZOOLOGICO,5054,DURAZNO NACIONAL,Kilogram,16.0
ZOOLOGICO,5058,ESPINACA,Kilogram,50.8
ZOOLOGICO,5062,FRESA,Kilogram,31.0
ZOOLOGICO,6028,GARBANZO,Kilogram,7.0
ZOOLOGICO,7106,GELATINA SIN SABOR,Kilogram,4.5
ZOOLOGICO,5067,GRANADILLA,Kilogram,8.0
ZOOLOGICO,5071,GUAYABA,Kilogram,105.0
ZOOLOGICO,3009,HIGADO DE POLLO,Kilogram,11.3
ZOOLOGICO,5078,HIGOS,Kilogram,1.3
ZOOLOGICO,8318,HUEVOS DE GALLINA,Unidad,900.0
ZOOLOGICO,5085,KIWI,Kilogram,1.2
ZOOLOGICO,8083,LECHE DESLACTOSADA,Liter,19.99998
ZOOLOGICO,5087,LECHUGA BATAVIA,Kilogram,259.5
ZOOLOGICO,5091,LECHUGA MORADA,Kilogram,2.0
ZOOLOGICO,5093,LECHUGA ROMANA,Kilogram,4.2
ZOOLOGICO,5100,MANDARINA,Kilogram,20.0
ZOOLOGICO,5101,MANGO,Kilogram,84.0
ZOOLOGICO,5105,MANZANA ROYAL,Kilogram,56.0
ZOOLOGICO,5107,MAZORCA,Kilogram,247.9
ZOOLOGICO,5110,MELON,Kilogram,103.6
ZOOLOGICO,1040,MOJARRA,Kilogram,58.3
ZOOLOGICO,5124,PAPAYA,Kilogram,182.0
ZOOLOGICO,5126,PATILLA,Kilogram,127.2
ZOOLOGICO,5127,PEPINO COHOMBRO,Kilogram,4.9
ZOOLOGICO,5131,PEREJIL,Kilogram,8.0
ZOOLOGICO,5008,PIMENTON,Kilogram,30.0
ZOOLOGICO,5132,PIÑA,Kilogram,10.0
ZOOLOGICO,5134,PLATANO ARTON,Kilogram,189.0
ZOOLOGICO,3022,POLLO ENTERO,Kilogram,350.0
ZOOLOGICO,2053,PULPA DE CERDO,Kilogram,21.5
ZOOLOGICO,5141,REMOLACHA,Kilogram,74.6
ZOOLOGICO,5143,REPOLLO MORADO,Kilogram,3.0
ZOOLOGICO,5149,SUCHINI AMARILLO,Kilogram,6.6
ZOOLOGICO,5154,TOMATE CHONTO,Kilogram,30.0
ZOOLOGICO,5155,TOMATE DE ARBOL,Kilogram,16.0
ZOOLOGICO,,TRUCHA DESHUESADA,Kilogram,88.4
ZOOLOGICO,5159,UCHUVA,Kilogram,2.0
ZOOLOGICO,5162,UVA ISABELA,Kilogram,40.0
ZOOLOGICO,5164,YUCA,Kilogram,38.0
ZOOLOGICO,5167,ZANAHORIA,Kilogram,242.6
ZOOLOGICO,,,,
ZOOLOGICO,TOTAL  ARTICULO 55,,,
ZOOLOGICO SUMINISTROS,95004459, CINTA SELLAMIENTO 48 MM X 50 MTS,Unidad,2.0
ZOOLOGICO SUMINISTROS,80052010, PEDYALITE X 500 ML,Unidad,12.0
ZOOLOGICO SUMINISTROS,80031395,ACIDO POLIGLICOLICO 0-0 (USO ZOOLOGICO),Unidad,5.0
ZOOLOGICO SUMINISTROS,80026826,ACIDO POLIGLICOLICO 2-0 (USO ZOOLOGICO),Unidad,1.0
ZOOLOGICO SUMINISTROS,80026827,ACIDO POLIGLICOLICO 3-0 (USO ZOOLOGICO),Unidad,4.0
ZOOLOGICO SUMINISTROS,80026825,ACIDO POLIGLICOLICO 4-0 (USO ZOOLOGICO),Unidad,2.0
ZOOLOGICO SUMINISTROS,80001905,ADRENALINA,Unidad,2.0
ZOOLOGICO SUMINISTROS,95027285,AFVT) ANTIMICROBIANO FRUTAS Y VERDURAS,Unidad,2.0
ZOOLOGICO SUMINISTROS,80011391,AGUA OXIGENADA GALON,Unidad,1.0
ZOOLOGICO SUMINISTROS,80030653,AGUJA DESECHABLES CAL.16 (USO ZOOLO),Unidad,100.0
ZOOLOGICO SUMINISTROS,80030654,AGUJA DESECHABLES CAL.18 (USO ZOOLO),Unidad,160.0
ZOOLOGICO SUMINISTROS,80040564,AGUJA DESECHABLES CAL.23 (USO ZOOLO),Unidad,211.0
ZOOLOGICO SUMINISTROS,80040565,AGUJA DESECHABLES CAL.25 (USO ZOOLO),Unidad,149.0
ZOOLOGICO SUMINISTROS,80031409,AGUJA No. 21 (USO ZOOLOGICO),Unidad,100.0
ZOOLOGICO SUMINISTROS,95023788,ALCOHOL GLICERINADO 500ML CON VALVULA,Unidad,13.0
ZOOLOGICO SUMINISTROS,80030334,ALIME HUM PARA GATOS FELIX  (USO ZOOL),Unidad,9.0
ZOOLOGICO SUMINISTROS,80030333,ALIMENTO HUMEDO HILLS A/D (USO ZOOL),Unidad,4.0
ZOOLOGICO SUMINISTROS,80030048,ALUSPRAY  (USO ZOOLOGICO),Unidad,2.0
ZOOLOGICO SUMINISTROS,80047255,AMINOMIX PET POLVO 100 G,Unidad,3.0
ZOOLOGICO SUMINISTROS,80026027,APETIL (USO ZOOLOGICO),Unidad,1.0
ZOOLOGICO SUMINISTROS,80026484,ARMONIZAR GOTAS (USO ZOOLOGICO),Unidad,3.0
ZOOLOGICO SUMINISTROS,80030269,ARTRI TABS (USO ZOOLOGICO),Unidad,90.0
ZOOLOGICO SUMINISTROS,80010743,ATROPINA,Unidad,1.0
ZOOLOGICO SUMINISTROS,80023550,AVENA EN HOJUELA BULTO X 30 KIL,Unidad,2.0
ZOOLOGICO SUMINISTROS,80030158,AZIUM (DEXAMETASONA) INYECTABLE X 2MG,Unidad,3.0
ZOOLOGICO SUMINISTROS,80030651,BAJALENGUAS (USO ZOOLOGICO),Unidad,20.0
ZOOLOGICO SUMINISTROS,80026707,BAYTRIL DE 50 MG (USO ZOOLOGICO),Unidad,1.0
ZOOLOGICO SUMINISTROS,95023827,BOLSA BLANCA RESD APROV 40X60 PAQ X 50,Unidad,14.0
ZOOLOGICO SUMINISTROS,95023833,BOLSA BLANCA RESD APROV 90X110 CAL 2,Unidad,875.0
ZOOLOGICO SUMINISTROS,95005752,BOLSA CANASTILLA 24X39 PULG CAL 1 X KILO,Unidad,12.0
ZOOLOGICO SUMINISTROS,95023828,BOLSA NEGRA RESD NO APROV 40X60 PAQ X 50,Unidad,41.0
ZOOLOGICO SUMINISTROS,95023123,BOLSA ROJA R.BIOLOGICO 40X60  PAQ X 50,Unidad,18.0
ZOOLOGICO SUMINISTROS,95023829,BOLSA VERDE RESD ORG APROV 40X60 PAQ X50,Unidad,26.0
ZOOLOGICO SUMINISTROS,95023835,BOLSA VERDE RESD ORG APROV 90X110 CAL 2,Unidad,125.0
ZOOLOGICO SUMINISTROS,80030941,BUTORFANOL (USO ZOOLOGICO),Unidad,2.0
ZOOLOGICO SUMINISTROS,80017601,CALCIO HOMEOPATICO,Unidad,7.0
ZOOLOGICO SUMINISTROS,80004420,CAROFILL ROJO,Unidad,1.0
ZOOLOGICO SUMINISTROS,80027053,CATETER 22 G (USO ZOOLOGICO),Unidad,87.0
ZOOLOGICO SUMINISTROS,80014201,CATETER INTRAVENOSO No. 16 JELCO,Unidad,1.0
ZOOLOGICO SUMINISTROS,80027822,CATETER N.20(USO ZOOLOGICO),Unidad,5.0
ZOOLOGICO SUMINISTROS,80032114,CEFALEXINA 20% 20 ML (USO ZOOLOGICO),Unidad,1.0
ZOOLOGICO SUMINISTROS,95001221,CINTA ENMASCARAR USO GENERAL 48MMX40MTS,Unidad,6.0
ZOOLOGICO SUMINISTROS,80006176,CIPERMETRINA GENFAR X LITRO,Unidad,6.0
ZOOLOGICO SUMINISTROS,80029261,CIPROVET  (USO ZOOLOGICO),Unidad,3.0
ZOOLOGICO SUMINISTROS,80054436,CLAVUPET 50 ML,Unidad,2.0
ZOOLOGICO SUMINISTROS,80030943,CO Q10 200 MG CAPSULAS (USO ZOOLOGICO),Unidad,5.0
ZOOLOGICO SUMINISTROS,80016643,COMIDA PARA PECES,Unidad,12.0
ZOOLOGICO SUMINISTROS,80030047,COMPRESAS ESTERILE 45X45 (USO ZOOLOGICO),Unidad,5.0
ZOOLOGICO SUMINISTROS,80053189,CONVENIA 320 MG,Unidad,2.0
ZOOLOGICO SUMINISTROS,80017542,COSTALES DE YUTE 1,Unidad,34.0
ZOOLOGICO SUMINISTROS,80018771,CUCHILLA MINORA,Unidad,35.0
ZOOLOGICO SUMINISTROS,97503163,"CUCHILLO 10"" MANGO BLANCO",Unidad,1.0
ZOOLOGICO SUMINISTROS,97503171,"CUCHILLO 10"" MANGO ROJO",Unidad,4.0
ZOOLOGICO SUMINISTROS,80017781,DARDOS PARA ANESTECIA DE 10 C.C.,Unidad,7.0
ZOOLOGICO SUMINISTROS,80009378,DARDOS PARA ANESTECIA DE 3 ML,Unidad,4.0
ZOOLOGICO SUMINISTROS,,DEXMEDETOMIDINA,Unidad,4.0
ZOOLOGICO SUMINISTROS,80004737,DEXTROSA AL 5% BOLSA X 500 ML,Unidad,3.0
ZOOLOGICO SUMINISTROS,80010931,DIFENHIDRAMINA,Unidad,1.0
ZOOLOGICO SUMINISTROS,80017374,DOMOSYN GEL,Unidad,1.0
ZOOLOGICO SUMINISTROS,80056916,DORTIM,Unidad,1.0
ZOOLOGICO SUMINISTROS,80056915,DORXOLAMIDA,Unidad,1.0
ZOOLOGICO SUMINISTROS,80030595,DUPLOCILINA (USO ZOOLOGICO),Unidad,2.0
ZOOLOGICO SUMINISTROS,80025894,ECHINACEA AMPOLLA (USO ZOOLOGICO),Unidad,5.0
ZOOLOGICO SUMINISTROS,80026486,EPITELIZANTE OCULAR (USO ZOOLOGICO),Unidad,3.0
ZOOLOGICO SUMINISTROS,80017457,EQUIPO MACROGOTEO,Unidad,3.0
ZOOLOGICO SUMINISTROS,80031397,EQUIPO PERICRANEAL 18G (USO ZOOLOGICO),Unidad,93.0
ZOOLOGICO SUMINISTROS,80031398,EQUIPO PERICRANEAL 21G (USO ZOOLOGICO),Unidad,87.0
ZOOLOGICO SUMINISTROS,80031399,EQUIPO PERICRANEAL 23G (USO ZOOLOGICO),Unidad,77.0
ZOOLOGICO SUMINISTROS,80031400,EQUIPO PERICRANEAL 25G (USO ZOOLOGICO),Unidad,66.0
ZOOLOGICO SUMINISTROS,95004114,ESCOBA DURA 37CM MANGO MADERA,Unidad,10.0
ZOOLOGICO SUMINISTROS,95004115,ESCOBA FIBRA SUAVE,Unidad,10.0
ZOOLOGICO SUMINISTROS,80002065,ESPARADRAPO.,Unidad,2.0
ZOOLOGICO SUMINISTROS,95009678,ESPONJA HORNOS PARRILLA 3M ROLLO X 5 MT,Unidad,2.0
ZOOLOGICO SUMINISTROS,80030940,ESTRESSNIL (USO ZOOLOGICO),Unidad,1.0
ZOOLOGICO SUMINISTROS,80010331,EUTHANEX,Unidad,1.0
ZOOLOGICO SUMINISTROS,80032115,FEBENDAZOLE LT (USO ZOOLOGICO),Unidad,6.0
ZOOLOGICO SUMINISTROS,,FELIWAY 20 ML,Unidad,1.0
ZOOLOGICO SUMINISTROS,80025890,FIPRONIL SPRAY  (USO ZOOLOGICO)),Unidad,4.0
ZOOLOGICO SUMINISTROS,80029366,FITOESTIMOLINE SPRAY,Unidad,5.0
ZOOLOGICO SUMINISTROS,80029011,FITOVETE CREMA CICATRIZANTE (USO ZOOLOGI,Unidad,2.0
ZOOLOGICO SUMINISTROS,80032116,FLORES DE BACH ANSIEDAD SPRAY (USO ZOOLO,Unidad,5.0
ZOOLOGICO SUMINISTROS,80024600,FLORES DE BACH ATOMIZADOR STRESS (ZOOLOG,Unidad,5.0
ZOOLOGICO SUMINISTROS,,FLORES DE BACH GOTERO AGRESIVIDAD,Unidad,3.0
ZOOLOGICO SUMINISTROS,80024597,FLORES DE BACH GOTERO ANSIEDAD (ZOOLOGI),Unidad,5.0
ZOOLOGICO SUMINISTROS,80024598,FLORES DE BACH GOTERO RESCATE (ZOOLOGICO,Unidad,5.0
ZOOLOGICO SUMINISTROS,80024596,FLORES DE BACH GOTERO STRESS (ZOOLOGICO),Unidad,3.0
ZOOLOGICO SUMINISTROS,80030646,FLORES DE BACH SPRAY RE (USO ZOOLOGICO),Unidad,4.0
ZOOLOGICO SUMINISTROS,80011448,FLUCONAZOL,Unidad,9.0
ZOOLOGICO SUMINISTROS,80056917,FLUSURE,Unidad,1.0
ZOOLOGICO SUMINISTROS,80029128,FORMOL BUFFERADO 10 %   X 25 ML  (ZOOLO),Unidad,23.0
ZOOLOGICO SUMINISTROS,80004110,FORRAJINA BULTO X 40 KIL,Unidad,1.0
ZOOLOGICO SUMINISTROS,80061644,GANCHO DE SERPIENTE 1CM,Unidad,3.0
ZOOLOGICO SUMINISTROS,80025888,GEL LUBRICANTE K-Y TUBO 50 GR (USO ZOOL),Unidad,1.0
ZOOLOGICO SUMINISTROS,80005318,GENTAX 100 X 20 ML.,Unidad,1.0
ZOOLOGICO SUMINISTROS,80008442,GRADUAL,Unidad,1.0
ZOOLOGICO SUMINISTROS,95010466,GUANTE DE NITRILO  TALLA M CJ X 50 PARES,Unidad,24.0
ZOOLOGICO SUMINISTROS,,GUANTE DE NITRILO TALLA L CJ X 50 PARES,Unidad,15.0
ZOOLOGICO SUMINISTROS,80040566,HALOPERIDOL AMPOLLA (USO ZOOLOGICO),Unidad,5.0
ZOOLOGICO SUMINISTROS,80030652,HISOPOS (USO ZOOLOGICO),Unidad,5.0
ZOOLOGICO SUMINISTROS,80027349,IMMUNOL HIMALAYA FRASCO (USO ZOOLOGICO),Unidad,9.0
ZOOLOGICO SUMINISTROS,80030274,ISOFLURANO (USO ZOOLOGICO),Unidad,2.0
ZOOLOGICO SUMINISTROS,80032118,IVERMECTINA PASTA (USO ZOOLOGICO),Unidad,6.0
ZOOLOGICO SUMINISTROS,80025892,"JERINGA DE 0,5 BD AGUJA REMOVI (ZOOLOGIC",Unidad,20.0
ZOOLOGICO SUMINISTROS,80006553,JERINGA DESECHABLE 2 ML.,Unidad,271.0
ZOOLOGICO SUMINISTROS,80006554,JERINGA DESECHABLE 20 ML,Unidad,97.0
ZOOLOGICO SUMINISTROS,,JERINGA DESECHABLE X 10 ML,Unidad,76.0
ZOOLOGICO SUMINISTROS,80017376,JERINGA X 3 ML,Unidad,148.0
ZOOLOGICO SUMINISTROS,80008219,JERINGAS DE 1 ML DESECHABLE,Unidad,389.0
ZOOLOGICO SUMINISTROS,80004041,JERINGAS DESECHABLES 5C.C.,Unidad,100.0
ZOOLOGICO SUMINISTROS,80027013,KETAMINA 50 MG (USO ZOOLOGICO),Unidad,2.0
ZOOLOGICO SUMINISTROS,80058497,KLEAN VET,Unidad,3.0
ZOOLOGICO SUMINISTROS,80004647,LACTATO DE RINGER BOLSA X 500 CC QUIBI,Unidad,3.0
ZOOLOGICO SUMINISTROS,80019843,LAMINA CUBREOBJETO,Unidad,400.0
ZOOLOGICO SUMINISTROS,80008382,LAMINAS PORTA OBJETOS,Unidad,400.0
ZOOLOGICO SUMINISTROS,95004948,LIMPIAVIDRIOS FRASCO 500 ML,Unidad,11.0
ZOOLOGICO SUMINISTROS,95006744,LIMPION WYPOL X-70 REUTILIZABLE CJ X 6RLS,Unidad,1.0
ZOOLOGICO SUMINISTROS,80027350,LIV-52 HIMALAYA FRASCO (USO ZOOLOGICO),Unidad,8.0
ZOOLOGICO SUMINISTROS,80023549,MAIZ AMARILLO BULTO X 50 KIL,Unidad,3.0
ZOOLOGICO SUMINISTROS,95004482,MASCARILLA DESECHABLE CAUCHOS CJX50 UN,Unidad,8.0
ZOOLOGICO SUMINISTROS,80023989,MELOXICAM AMPOLLA,Unidad,9.0
ZOOLOGICO SUMINISTROS,80017481,MELOXICAM GOTERO,Unidad,2.0
ZOOLOGICO SUMINISTROS,80028069,METOCLOPRAMIDA INY.10 MG (USO ZOOLOGICO),Unidad,1.0
ZOOLOGICO SUMINISTROS,80043229,METRONIDAZOL INYECTABLE (USO ZOOLOGICO),Unidad,2.0
ZOOLOGICO SUMINISTROS,80026040,MICROCHIP INYECTABLE (ZOOLOGICO),Unidad,50.0
ZOOLOGICO SUMINISTROS,80026247,MICROTAINER TAPA LILA (USO ZOOLOGICO),Unidad,88.0
ZOOLOGICO SUMINISTROS,80030947,MICROTAINER TAPA ROJA (USO ZOOLOGICO),Unidad,83.0
ZOOLOGICO SUMINISTROS,80018634,MIRRAPEL BOLSA X 600 GR,Unidad,3.0
ZOOLOGICO SUMINISTROS,80016256,MOJARRINA 381,Unidad,1.0
ZOOLOGICO SUMINISTROS,80061647,NASAS GRANDES 1.2 M M.ANIMAL,Unidad,2.0
ZOOLOGICO SUMINISTROS,80061848,NASAS MEDIANAS 0.30 ANIMAL,Unidad,2.0
ZOOLOGICO SUMINISTROS,80016673,NEGASUNT SPRAY,Unidad,2.0
ZOOLOGICO SUMINISTROS,80029365,NISTATINA 100000 UI FRASCO,Unidad,4.0
ZOOLOGICO SUMINISTROS,80017753,NUX VOMICA HOMACORD,Unidad,10.0
ZOOLOGICO SUMINISTROS,80029260,OCUFLOX  (USO ZOOLOGICO),Unidad,1.0
ZOOLOGICO SUMINISTROS,80027389,OMEPRAZOL TAB DE 20 MG (USO ZOOLOGICO),Unidad,17.0
ZOOLOGICO SUMINISTROS,80030266,ORGANIZADOR DE MANGUERA (USO ZOOLOGICO),Unidad,3.0
ZOOLOGICO SUMINISTROS,80019808,PAM DESINFECTANTE MULTIPROPOSITO X3 * 20,Unidad,8.0
ZOOLOGICO SUMINISTROS,80019813,PAM DETERGENTE CLORADO * 20 LT,Unidad,5.0
ZOOLOGICO SUMINISTROS,80026711,PAMOATO DE PIRANTEL (USO ZOOLOGICO),Unidad,12.0
ZOOLOGICO SUMINISTROS,80011162,PANOTIL GOTAS,Unidad,2.0
ZOOLOGICO SUMINISTROS,95008213,PILA ALCALINA TIPO C,Unidad,20.0
ZOOLOGICO SUMINISTROS,80010836,PREDNISOLONA,Unidad,1.0
ZOOLOGICO SUMINISTROS,80030598,PREDNISOLONA HOLLYDAY (USO ZOOLOGICO),Unidad,7.0
ZOOLOGICO SUMINISTROS,80042243,PRIME PARA ACUARIO,Unidad,2.0
ZOOLOGICO SUMINISTROS,80042564,PROBIOTICO MULTIFLORA (USO ZOOLOGICO),Unidad,1.0
ZOOLOGICO SUMINISTROS,80010361,PROBIOTICOS,Unidad,2.0
ZOOLOGICO SUMINISTROS,80027412,PRU RAPID SNAP (ELISA) DISTEMPER CAN (ZO,Unidad,12.0
ZOOLOGICO SUMINISTROS,80030446,PRUEBA PARA SANGRE EN HECES (USO ZOOLOGI,Unidad,22.0
ZOOLOGICO SUMINISTROS,80007022,PURINA PONEDORA X 40 KILOS 1,Unidad,3.0
ZOOLOGICO SUMINISTROS,80011338,RANITIDINA AMPOLLA,Unidad,1.0
ZOOLOGICO SUMINISTROS,80011151,RECIPIENTE COPROLOGICO,Unidad,200.0
ZOOLOGICO SUMINISTROS,95004100,RECOGEDOR BASURA PLASTICO,Unidad,10.0
ZOOLOGICO SUMINISTROS,80006207,RECOLECTOR DE ORINA,Unidad,157.0
ZOOLOGICO SUMINISTROS,80061646,REDES DE CAPTURA ANIMAL,Unidad,2.0
ZOOLOGICO SUMINISTROS,80053414,REPELENTE NOMOSK,Unidad,2.0
ZOOLOGICO SUMINISTROS,80040569,RESUPRAM X 20 ML (USO ZOOLOGICO),Unidad,3.0
ZOOLOGICO SUMINISTROS,80031572,REVOLUTION 12% 2.6-5 KG (USO ZOOLOGICO),Unidad,6.0
ZOOLOGICO SUMINISTROS,80027009,RIFAMICINA SPRAY (USO ZOOLOGICO),Unidad,5.0
ZOOLOGICO SUMINISTROS,80010232,SAL MARINA,Unidad,4.0
ZOOLOGICO SUMINISTROS,80001627,SAL MINERALIZADA BULTO X 50 KL,Unidad,1.0
ZOOLOGICO SUMINISTROS,80023541,SEMILLA GIRAZOL BULTO X 100 PAQT.,Unidad,1.0
ZOOLOGICO SUMINISTROS,80051775,SNAP FELINE TRIPLE 5 TEST,Unidad,10.0
ZOOLOGICO SUMINISTROS,80051856,SOLUCION 90,Unidad,3.0
ZOOLOGICO SUMINISTROS,80019613,SONDA NELATON # 8,Unidad,1.0
ZOOLOGICO SUMINISTROS,80014193,SONDAS NELATON No. 6,Unidad,1.0
ZOOLOGICO SUMINISTROS,,SULFATRIMETROPRIM,Unidad,3.0
ZOOLOGICO SUMINISTROS,95018610,TABLA ACRILICA P/PICAR AMARILLA 50X38CM,Unidad,3.0
ZOOLOGICO SUMINISTROS,97500779,TABLA ACRILICA P/PICAR BLANCO 50X38CM,Unidad,1.0
ZOOLOGICO SUMINISTROS,80029259,TAPONES HEPARINIZADOS (USO ZOOLOGICO),Unidad,22.0
ZOOLOGICO SUMINISTROS,80061645,TENAZA DE SERPIENTE 101CM,Unidad,3.0
ZOOLOGICO SUMINISTROS,80027530,TIRAS DE FLUORESCENCIA (USO ZOOLOGICO),Unidad,20.0
ZOOLOGICO SUMINISTROS,80051857,TIRAS DE GLUCOMETRO X 50,Unidad,2.0
ZOOLOGICO SUMINISTROS,95021157,TOALLA MANOS ROLLO CJX6 NATUR X 120 MT,Unidad,3.0
ZOOLOGICO SUMINISTROS,80051858,TOLTRAZURIL 5% 100 ML,Unidad,9.0
ZOOLOGICO SUMINISTROS,80028177,TRAMADOL AMPOLLA 50 MG/ 2 ML,Unidad,5.0
ZOOLOGICO SUMINISTROS,80026528,TRANQUILAN GOTAS,Unidad,2.0
ZOOLOGICO SUMINISTROS,80027050,TRANSPORE 3 M (USO ZOOLOGICO),Unidad,7.0
ZOOLOGICO SUMINISTROS,80014182,TUBOS ENDOTRAQUEALES No. 6.0,Unidad,2.0
ZOOLOGICO SUMINISTROS,80014184,TUBOS ENDOTRAQUEALES No. 7.0,Unidad,2.0
ZOOLOGICO SUMINISTROS,80026713,TUSIVET  (USO ZOOLOGICO),Unidad,1.0
ZOOLOGICO SUMINISTROS,80030449,UBICHINUM COMPUSITUM (USO ZOOLOGICO),Unidad,6.0
ZOOLOGICO SUMINISTROS,80016712,URBAN POR 25 KG,Unidad,2.0
ZOOLOGICO SUMINISTROS,80027012,VENDA DE ALGODÓN LAMINADO 3*5 (ZOOLOGI),Unidad,4.0
ZOOLOGICO SUMINISTROS,80006161,VENOCLISIS EQUIPO MICROGOTEO USO ENFERME,Unidad,3.0
ZOOLOGICO SUMINISTROS,80027383,VETRAP (COBAN) 3M 4*5 YARDAS (USO ZOOLO),Unidad,3.0
ZOOLOGICO SUMINISTROS,80026250,VITAMINA C  INYECTABLE (USO ZOOLOGICO),Unidad,1.0
ZOOLOGICO SUMINISTROS,80012193,VITAMINA C TABLETA,Unidad,151.0
ZOOLOGICO SUMINISTROS,80018384,VITAMINA K,Unidad,1.0
ZOOLOGICO SUMINISTROS,80010934,VITAMINA-E,Unidad,15.0
ZOOLOGICO SUMINISTROS,80024610,VITAPIO SOBRE (ZOOLOGICO),Unidad,20.0
ZOOLOGICO SUMINISTROS,80018386,XILACINA 2%,Unidad,1.0
ZOOLOGICO SUMINISTROS,80023689,YODO GALON,Unidad,1.0
ZOOLOGICO SUMINISTROS,80024605,ZOLETIL50 X 10 ML (ZOOLOGICO),Unidad,5.0
ZOOLOGICO SUMINISTROS,,,,
ZOOLOGICO SUMINISTROS,TOTAL  ARTICULO 193,,,
